origin,series,horizon,period,adm_median,adm_outturn,p_breach,escalation_beds,occ_median,escalate_at_0.1,escalate_at_0.25,escalate_at_0.5,beds,c_bed_days_per_adm,quarter_start,occ_published
2023-10-01,R0A,1,2023-10-01,6145.115810975559,6316.0,0.08425,0.0,0.7342607273560481,False,False,False,2142.5274725274726,7.941730675796785,2023-10-01,0.9340444197723003
2023-10-01,R0A,2,2023-11-01,6225.390375544523,6179.0,0.132,0.0,0.7685119650064048,True,False,False,2142.5274725274726,7.941730675796785,2023-10-01,0.9340444197723003
2023-10-01,R0A,3,2023-12-01,6174.1851219091695,6219.0,0.1225,0.0,0.7457472294958831,True,False,False,2142.5274725274726,7.941730675796785,2023-10-01,0.9340444197723003
2023-10-01,R0B,1,2023-10-01,4407.698992739197,4536.0,0.10475,0.0,0.8165708673395169,True,False,False,1125.3186813186812,6.446046110565352,2023-10-01,0.8538597410664027
2023-10-01,R0B,2,2023-11-01,4391.9666246144025,4487.0,0.16825,0.0,0.8335556854416937,True,False,False,1125.3186813186812,6.446046110565352,2023-10-01,0.8538597410664027
2023-10-01,R0B,3,2023-12-01,4418.770551865552,4598.0,0.11975,0.0,0.8132578595240946,True,False,False,1125.3186813186812,6.446046110565352,2023-10-01,0.8538597410664027
2023-10-01,R0D,1,2023-10-01,4112.3849368787205,4281.0,0.444,86.0,0.9078909107228373,True,True,False,1103.1538461538462,7.733850438262957,2023-10-01,0.9206090955145941
2023-10-01,R0D,2,2023-11-01,4013.0208502697274,4071.0,0.53275,110.0,0.9286318820702985,True,True,True,1103.1538461538462,7.733850438262957,2023-10-01,0.9206090955145941
2023-10-01,R0D,3,2023-12-01,4036.3897363608603,4097.0,0.42925,80.0,0.9002278029335242,True,True,False,1103.1538461538462,7.733850438262957,2023-10-01,0.9206090955145941
2023-10-01,R1F,1,2023-10-01,1102.4107209140595,1140.0,0.32925,11.0,0.8783401796505844,True,True,False,267.9340659340659,6.6353937775557945,2023-10-01,0.9318306529905872
2023-10-01,R1F,2,2023-11-01,1113.7722164673573,1108.0,0.47525,22.0,0.9145170492667074,True,True,False,267.9340659340659,6.6353937775557945,2023-10-01,0.9318306529905872
2023-10-01,R1F,3,2023-12-01,1156.5902863898598,1083.0,0.4835,24.0,0.9155829225555916,True,True,False,267.9340659340659,6.6353937775557945,2023-10-01,0.9318306529905872
2023-10-01,R1H,1,2023-10-01,5384.024169339147,5458.0,0.5025,207.0,0.9211153421924374,True,True,True,1695.2637362637363,9.119907097222274,2023-10-01,0.9771773269448848
2023-10-01,R1H,2,2023-11-01,5289.034770842803,5293.0,0.56675,248.0,0.9415556960188552,True,True,True,1695.2637362637363,9.119907097222274,2023-10-01,0.9771773269448848
2023-10-01,R1H,3,2023-12-01,5362.4212101180165,5433.0,0.4935,205.0,0.9182340319284246,True,True,False,1695.2637362637363,9.119907097222274,2023-10-01,0.9771773269448848
2023-10-01,R1K,1,2023-10-01,6124.347214009839,6552.0,0.41125,60.0,0.8974001219964721,True,True,False,1012.4615384615385,4.606269959829272,2023-10-01,0.9502393577056008
2023-10-01,R1K,2,2023-11-01,6201.187389689075,6651.0,0.561,94.0,0.9328815530936195,True,True,True,1012.4615384615385,4.606269959829272,2023-10-01,0.9502393577056008
2023-10-01,R1K,3,2023-12-01,6409.683751963144,7165.0,0.60525,117.0,0.9424371253738955,True,True,True,1012.4615384615385,4.606269959829272,2023-10-01,0.9502393577056008
2023-10-01,RA2,1,2023-10-01,2316.8444810143214,2263.0,0.20925,3.0,0.8439532485807669,True,False,False,480.0,5.459435875660458,2023-10-01,0.9449260234183535
2023-10-01,RA2,2,2023-11-01,2260.702178223713,2169.0,0.27275,13.0,0.8593147068610527,True,True,False,480.0,5.459435875660458,2023-10-01,0.9449260234183535
2023-10-01,RA2,3,2023-12-01,2316.2741410638087,2264.0,0.2055,1.0,0.8409295226208063,True,False,False,480.0,5.459435875660458,2023-10-01,0.9449260234183535
2023-10-01,RA7,1,2023-10-01,4742.067356257154,5177.0,0.96375,286.0,1.0983037320053701,True,True,True,968.4175824175824,6.974383809772565,2023-10-01,0.965160727858005
2023-10-01,RA7,2,2023-11-01,4625.609158443084,5137.0,0.9595,300.0,1.1107649635335015,True,True,True,968.4175824175824,6.974383809772565,2023-10-01,0.965160727858005
2023-10-01,RA7,3,2023-12-01,4703.955753964111,5090.0,0.9395,287.0,1.0929922490679134,True,True,True,968.4175824175824,6.974383809772565,2023-10-01,0.965160727858005
2023-10-01,RA9,1,2023-10-01,1890.9211095149003,1949.0,0.7075,62.0,0.9748748985564889,True,True,True,364.61538461538464,5.794222295870927,2023-10-01,0.9361361954108067
2023-10-01,RA9,2,2023-11-01,1866.1955736857622,2045.0,0.7025,68.0,0.9825038999433604,True,True,True,364.61538461538464,5.794222295870927,2023-10-01,0.9361361954108067
2023-10-01,RA9,3,2023-12-01,1830.8958952719488,2155.0,0.55425,53.0,0.9374386266724732,True,True,True,364.61538461538464,5.794222295870927,2023-10-01,0.9361361954108067
2023-10-01,RAE,1,2023-10-01,3062.241269713166,3081.0,0.606,59.0,0.942087118742692,True,True,True,612.2417582417582,5.932608109563608,2023-10-01,0.9135990912640659
2023-10-01,RAE,2,2023-11-01,3013.868982542786,2843.0,0.66,74.0,0.9564611523238241,True,True,True,612.2417582417582,5.932608109563608,2023-10-01,0.9135990912640659
2023-10-01,RAE,3,2023-12-01,3000.8708681793405,2701.0,0.5845,65.0,0.9393583964008374,True,True,True,612.2417582417582,5.932608109563608,2023-10-01,0.9135990912640659
2023-10-01,RAJ,1,2023-10-01,8682.678186442738,8824.0,0.4855,131.0,0.9169023083223276,True,True,False,1725.2527472527472,5.631497493324782,2023-10-01,0.9744718252547282
2023-10-01,RAJ,2,2023-11-01,8685.667301153606,8422.0,0.59775,191.0,0.9425075054754573,True,True,True,1725.2527472527472,5.631497493324782,2023-10-01,0.9744718252547282
2023-10-01,RAJ,3,2023-12-01,8728.675588789321,8856.0,0.48275,161.0,0.9154352501789572,True,True,False,1725.2527472527472,5.631497493324782,2023-10-01,0.9744718252547282
2023-10-01,RAL,1,2023-10-01,4040.7299363727684,4181.0,0.42825,89.0,0.9004539120290586,True,True,False,1069.901098901099,7.48213166898198,2023-10-01,0.8039524156348629
2023-10-01,RAL,2,2023-11-01,3874.938171756978,4183.0,0.428,89.0,0.9001569543012092,True,True,False,1069.901098901099,7.48213166898198,2023-10-01,0.8039524156348629
2023-10-01,RAL,3,2023-12-01,3777.70393357891,4325.0,0.303,55.0,0.8571881834673643,True,True,False,1069.901098901099,7.48213166898198,2023-10-01,0.8039524156348629
2023-10-01,RAP,1,2023-10-01,1570.8572663523998,1651.0,0.461,36.0,0.9085264234665625,True,True,False,420.75824175824175,7.405471984256833,2023-10-01,0.9641672543028025
2023-10-01,RAP,2,2023-11-01,1617.0611744583316,1511.0,0.59825,59.0,0.9493294172847332,True,True,True,420.75824175824175,7.405471984256833,2023-10-01,0.9641672543028025
2023-10-01,RAP,3,2023-12-01,1643.9252647381022,1627.0,0.576,56.0,0.9421881866804048,True,True,True,420.75824175824175,7.405471984256833,2023-10-01,0.9641672543028025
2023-10-01,RAS,1,2023-10-01,1693.0685454066604,1797.0,0.15,0.0,0.8319802966506769,True,False,False,415.1208791208791,6.3732271985571245,2023-10-01,0.9499481120779116
2023-10-01,RAS,2,2023-11-01,1695.1847867160216,1823.0,0.2395,6.0,0.85860019958626,True,False,False,415.1208791208791,6.3732271985571245,2023-10-01,0.9499481120779116
2023-10-01,RAS,3,2023-12-01,1690.0434189107525,1991.0,0.205,1.0,0.8438154942888468,True,False,False,415.1208791208791,6.3732271985571245,2023-10-01,0.9499481120779116
2023-10-01,RAX,1,2023-10-01,2030.4923268805155,1963.0,0.10475,0.0,0.7663054854667848,True,False,False,396.74725274725273,4.673658958225379,2023-10-01,0.9072156565108966
2023-10-01,RAX,2,2023-11-01,2006.7929735795155,2014.0,0.16925,0.0,0.79638540187033,True,False,False,396.74725274725273,4.673658958225379,2023-10-01,0.9072156565108966
2023-10-01,RAX,3,2023-12-01,2069.4680603592547,2162.0,0.1465,0.0,0.7862701593034382,True,False,False,396.74725274725273,4.673658958225379,2023-10-01,0.9072156565108966
2023-10-01,RBD,1,2023-10-01,1582.8346788769554,1637.0,0.845,98.0,1.0608802904596,True,True,True,330.3296703296703,6.853272209198185,2023-10-01,0.9991070542712571
2023-10-01,RBD,2,2023-11-01,1591.785169539453,1732.0,0.86575,113.0,1.092216410050284,True,True,True,330.3296703296703,6.853272209198185,2023-10-01,0.9991070542712571
2023-10-01,RBD,3,2023-12-01,1590.717933927532,1741.0,0.80075,91.0,1.0474985317133316,True,True,True,330.3296703296703,6.853272209198185,2023-10-01,0.9991070542712571
2023-10-01,RBK,1,2023-10-01,3312.6121301058784,3569.0,0.84025,70.0,0.9883212650388641,True,True,True,481.16483516483515,4.522446351574715,2023-10-01,0.9040984291443851
2023-10-01,RBK,2,2023-11-01,3214.173716363146,3548.0,0.8495,81.0,1.0041840100793034,True,True,True,481.16483516483515,4.522446351574715,2023-10-01,0.9040984291443851
2023-10-01,RBK,3,2023-12-01,3270.704945123392,3735.0,0.7535,68.0,0.979407886343613,True,True,True,481.16483516483515,4.522446351574715,2023-10-01,0.9040984291443851
2023-10-01,RBL,1,2023-10-01,2169.7016485412723,2249.0,0.40325,71.0,0.8863726564860362,True,True,False,767.934065934066,9.939023313273774,2023-10-01,0.9326870823235661
2023-10-01,RBL,2,2023-11-01,2102.0009832176893,2199.0,0.46425,88.0,0.9082590035179035,True,True,False,767.934065934066,9.939023313273774,2023-10-01,0.9326870823235661
2023-10-01,RBL,3,2023-12-01,2130.632419729544,2230.0,0.3935,73.0,0.8844112898662613,True,True,False,767.934065934066,9.939023313273774,2023-10-01,0.9326870823235661
2023-10-01,RBN,1,2023-10-01,7149.54677680193,7526.0,0.9955,532.0,1.4478278851345734,True,True,True,747.1538461538462,4.807992101532657,2023-10-01,0.9459471696746327
2023-10-01,RBN,2,2023-11-01,6747.282642253771,7531.0,0.999,536.0,1.4437010423367767,True,True,True,747.1538461538462,4.807992101532657,2023-10-01,0.9459471696746327
2023-10-01,RBN,3,2023-12-01,6398.781642311768,7146.0,0.98725,436.0,1.3194495203154952,True,True,True,747.1538461538462,4.807992101532657,2023-10-01,0.9459471696746327
2023-10-01,RBS,1,2023-10-01,850.0943183762702,813.0,0.02925,0.0,0.6968139740567721,False,False,False,207.0,5.122066737703696,2023-10-01,0.6967208908503105
2023-10-01,RBS,2,2023-11-01,893.2821880442046,957.0,0.1045,0.0,0.7438000071794294,True,False,False,207.0,5.122066737703696,2023-10-01,0.6967208908503105
2023-10-01,RBS,3,2023-12-01,911.8401233487423,899.0,0.1185,0.0,0.7441953821912165,True,False,False,207.0,5.122066737703696,2023-10-01,0.6967208908503105
2023-10-01,RBT,1,2023-10-01,2501.263270368168,2442.0,0.88525,112.0,1.0411358618768602,True,True,True,482.3296703296703,6.297422458106674,2023-10-01,0.9434521848019508
2023-10-01,RBT,2,2023-11-01,2495.07200901786,2212.0,0.91025,129.0,1.0670222676736738,True,True,True,482.3296703296703,6.297422458106674,2023-10-01,0.9434521848019508
2023-10-01,RBT,3,2023-12-01,2542.926046832607,2346.0,0.865,125.0,1.049762502094813,True,True,True,482.3296703296703,6.297422458106674,2023-10-01,0.9434521848019508
2023-10-01,RC9,1,2023-10-01,4618.58308212851,4882.0,0.56575,131.0,0.9389717861958051,True,True,True,1080.6703296703297,6.893901556448964,2023-10-01,0.9690306782943792
2023-10-01,RC9,2,2023-11-01,4498.126585862745,4791.0,0.66175,157.0,0.961143886622735,True,True,True,1080.6703296703297,6.893901556448964,2023-10-01,0.9690306782943792
2023-10-01,RC9,3,2023-12-01,4565.536112264796,4902.0,0.54225,123.0,0.9308033265597981,True,True,True,1080.6703296703297,6.893901556448964,2023-10-01,0.9690306782943792
2023-10-01,RCB,1,2023-10-01,4212.276452398555,4579.0,0.12075,0.0,0.8298765545670651,True,False,False,1082.3736263736264,6.575223318617599,2023-10-01,0.7299897078616103
2023-10-01,RCB,2,2023-11-01,4102.572604113007,4383.0,0.12325,0.0,0.8277614191780377,True,False,False,1082.3736263736264,6.575223318617599,2023-10-01,0.7299897078616103
2023-10-01,RCB,3,2023-12-01,4083.5182557301055,4632.0,0.1145,0.0,0.804912880005512,True,False,False,1082.3736263736264,6.575223318617599,2023-10-01,0.7299897078616103
2023-10-01,RCD,1,2023-10-01,1326.1312931531534,1343.0,0.8325,59.0,1.016527122980712,True,True,True,294.6703296703297,7.102178312946599,2023-10-01,0.9770855574195516
2023-10-01,RCD,2,2023-11-01,1299.0432827246539,1292.0,0.86725,70.0,1.0402810424757956,True,True,True,294.6703296703297,7.102178312946599,2023-10-01,0.9770855574195516
2023-10-01,RCD,3,2023-12-01,1330.000093426968,1349.0,0.79025,63.0,1.0139310155988854,True,True,True,294.6703296703297,7.102178312946599,2023-10-01,0.9770855574195516
2023-10-01,RCF,1,2023-10-01,1469.1038507446651,1383.0,0.2185,3.0,0.8410770455147754,True,False,False,339.35164835164835,6.0464183856708535,2023-10-01,0.927170868347339
2023-10-01,RCF,2,2023-11-01,1467.4117712520747,1450.0,0.32775,18.0,0.8706626714024669,True,True,False,339.35164835164835,6.0464183856708535,2023-10-01,0.927170868347339
2023-10-01,RCF,3,2023-12-01,1518.1866335336606,1498.0,0.33475,20.0,0.8704981658289244,True,True,False,339.35164835164835,6.0464183856708535,2023-10-01,0.927170868347339
2023-10-01,RCU,1,2023-10-01,931.0541143679662,1097.0,0.002,0.0,0.6667208649240624,False,False,False,139.13186813186815,3.199166416670776,2023-10-01,0.7263693270735524
2023-10-01,RCU,2,2023-11-01,927.6480800377051,1137.0,0.0285,0.0,0.7097614763581694,False,False,False,139.13186813186815,3.199166416670776,2023-10-01,0.7263693270735524
2023-10-01,RCU,3,2023-12-01,945.6102230673014,995.0,0.0345,0.0,0.6966024532365584,False,False,False,139.13186813186815,3.199166416670776,2023-10-01,0.7263693270735524
2023-10-01,RCX,1,2023-10-01,2273.0408923997766,2254.0,0.27175,15.0,0.8606184898403694,True,True,False,534.2197802197802,6.370294804287831,2023-10-01,0.9740143926667912
2023-10-01,RCX,2,2023-11-01,2278.807387627455,2260.0,0.39125,36.0,0.8923365887394832,True,True,False,534.2197802197802,6.370294804287831,2023-10-01,0.9740143926667912
2023-10-01,RCX,3,2023-12-01,2267.7053872151764,2838.0,0.30425,22.0,0.8672546539504539,True,True,False,534.2197802197802,6.370294804287831,2023-10-01,0.9740143926667912
2023-10-01,RD1,1,2023-10-01,2546.176858415008,2533.0,0.978,135.0,1.0792577225272715,True,True,True,529.1648351648352,7.0270862209620635,2023-10-01,0.9658642110068074
2023-10-01,RD1,2,2023-11-01,2519.355031533781,2533.0,0.98425,161.0,1.1156698120405368,True,True,True,529.1648351648352,7.0270862209620635,2023-10-01,0.9658642110068074
2023-10-01,RD1,3,2023-12-01,2503.8295747210022,2636.0,0.94625,131.0,1.066751506834667,True,True,True,529.1648351648352,7.0270862209620635,2023-10-01,0.9658642110068074
2023-10-01,RD8,1,2023-10-01,1956.5582050959201,2204.0,0.49075,46.0,0.9177868047216724,True,True,False,548.3846153846154,8.091992845486855,2023-10-01,0.8871979229079289
2023-10-01,RD8,2,2023-11-01,1923.5390161283324,2180.0,0.57575,63.0,0.9389804907673551,True,True,True,548.3846153846154,8.091992845486855,2023-10-01,0.8871979229079289
2023-10-01,RD8,3,2023-12-01,1909.9418986607525,2152.0,0.47075,47.0,0.9129988233879139,True,True,False,548.3846153846154,8.091992845486855,2023-10-01,0.8871979229079289
2023-10-01,RDE,1,2023-10-01,5008.374823222226,5232.0,0.554,109.0,0.9297865602722653,True,True,True,1230.032967032967,7.144915793094042,2023-10-01,0.9428257334169188
2023-10-01,RDE,2,2023-11-01,4869.6973227249355,5611.0,0.60575,133.0,0.9418054000307253,True,True,True,1230.032967032967,7.144915793094042,2023-10-01,0.9428257334169188
2023-10-01,RDE,3,2023-12-01,4960.48447061152,6348.0,0.52725,109.0,0.9254885455028179,True,True,True,1230.032967032967,7.144915793094042,2023-10-01,0.9428257334169188
2023-10-01,RDR,1,2023-10-01,0.0,0.0,0.074,0.0,2.854006517184411e-09,False,False,False,121.7032967032967,8893.730006396572,2023-10-01,
2023-10-01,RDR,2,2023-11-01,0.0,0.0,0.092,0.0,2.9640019437452915e-09,False,False,False,121.7032967032967,8893.730006396572,2023-10-01,
2023-10-01,RDR,3,2023-12-01,0.018319443459032678,0.0,0.177,0.0,0.026163374646332806,True,False,False,121.7032967032967,8893.730006396572,2023-10-01,
2023-10-01,RDU,1,2023-10-01,5901.514607360046,6265.0,0.83375,245.0,1.018837091539575,True,True,True,1198.3296703296703,6.516516944410251,2023-10-01,0.9413007432096895
2023-10-01,RDU,2,2023-11-01,5567.892635470976,6405.0,0.819,245.0,1.0184509980592513,True,True,True,1198.3296703296703,6.516516944410251,2023-10-01,0.9413007432096895
2023-10-01,RDU,3,2023-12-01,5682.12236235273,6554.0,0.746,223.0,0.9943537473806705,True,True,True,1198.3296703296703,6.516516944410251,2023-10-01,0.9413007432096895
2023-10-01,REF,1,2023-10-01,2222.2731377192868,2087.0,0.889,176.0,1.0567661369069778,True,True,True,686.2307692307693,10.256081363736188,2023-10-01,0.9647041966503216
2023-10-01,REF,2,2023-11-01,2184.1668512540114,2057.0,0.92625,193.0,1.0829289740189822,True,True,True,686.2307692307693,10.256081363736188,2023-10-01,0.9647041966503216
2023-10-01,REF,3,2023-12-01,2180.9457700036533,2185.0,0.857,168.0,1.0387926701326937,True,True,True,686.2307692307693,10.256081363736188,2023-10-01,0.9647041966503216
2023-10-01,REM,1,2023-10-01,5339.190156843689,5380.0,0.734,215.0,0.9725275607860402,True,True,True,1565.2967032967033,8.974742717734141,2023-10-01,0.9766250593224808
2023-10-01,REM,2,2023-11-01,5211.478551598656,4938.0,0.78775,275.0,0.9921219288013803,True,True,True,1565.2967032967033,8.974742717734141,2023-10-01,0.9766250593224808
2023-10-01,REM,3,2023-12-01,5234.297338137341,5498.0,0.65425,222.0,0.9607963438771582,True,True,True,1565.2967032967033,8.974742717734141,2023-10-01,0.9766250593224808
2023-10-01,REP,1,2023-10-01,94.86102557044538,108.0,0.00725,0.0,0.5932318957535131,False,False,False,24.032967032967033,4.767780565428849,2023-10-01,0.5803249097472925
2023-10-01,REP,2,2023-11-01,92.24654588139411,87.0,0.003,0.0,0.6094327717731127,False,False,False,24.032967032967033,4.767780565428849,2023-10-01,0.5803249097472925
2023-10-01,REP,3,2023-12-01,91.70276058985364,91.0,0.0095,0.0,0.593534546305837,False,False,False,24.032967032967033,4.767780565428849,2023-10-01,0.5803249097472925
2023-10-01,RF4,1,2023-10-01,6905.817823371391,7268.0,0.926,440.0,1.1836010782614448,True,True,True,1003.0,5.567963744110301,2023-10-01,0.9430222583412344
2023-10-01,RF4,2,2023-11-01,6344.166303589477,7301.0,0.9145,417.0,1.163204986877854,True,True,True,1003.0,5.567963744110301,2023-10-01,0.9430222583412344
2023-10-01,RF4,3,2023-12-01,5965.294258962373,7509.0,0.84275,332.0,1.0782705943178896,True,True,True,1003.0,5.567963744110301,2023-10-01,0.9430222583412344
2023-10-01,RFF,1,2023-10-01,2677.0333204105473,2688.0,0.7335,51.0,0.9649911500130901,True,True,True,429.38461538461536,4.873618112574299,2023-10-01,0.9318247402847248
2023-10-01,RFF,2,2023-11-01,2647.057094208878,2789.0,0.81775,66.0,0.9922983064075944,True,True,True,429.38461538461536,4.873618112574299,2023-10-01,0.9318247402847248
2023-10-01,RFF,3,2023-12-01,2692.114653473219,2987.0,0.73725,57.0,0.9717318602202991,True,True,True,429.38461538461536,4.873618112574299,2023-10-01,0.9318247402847248
2023-10-01,RFR,1,2023-10-01,2833.925519005413,3007.0,0.83775,80.0,1.0133271370456118,True,True,True,424.86813186813185,4.746750894354695,2023-10-01,0.8599329543798281
2023-10-01,RFR,2,2023-11-01,2822.8045171277363,3014.0,0.88475,96.0,1.0405953557681977,True,True,True,424.86813186813185,4.746750894354695,2023-10-01,0.8599329543798281
2023-10-01,RFR,3,2023-12-01,2871.883733653136,2942.0,0.85,87.0,1.0213860500213123,True,True,True,424.86813186813185,4.746750894354695,2023-10-01,0.8599329543798281
2023-10-01,RFS,1,2023-10-01,2805.06402583294,2943.0,0.5035,38.0,0.9205406985572188,True,True,True,509.3626373626374,5.210115702719502,2023-10-01,0.9282266886891611
2023-10-01,RFS,2,2023-11-01,2769.081900404302,2794.0,0.61625,53.0,0.9447763994589803,True,True,True,509.3626373626374,5.210115702719502,2023-10-01,0.9282266886891611
2023-10-01,RFS,3,2023-12-01,2820.9713919772066,2828.0,0.52325,45.0,0.9250004430695103,True,True,True,509.3626373626374,5.210115702719502,2023-10-01,0.9282266886891611
2023-10-01,RGN,1,2023-10-01,3178.055270055618,3178.0,0.18225,0.0,0.8410716144995665,True,False,False,940.7912087912088,7.7608001762376055,2023-10-01,0.8745107883296631
2023-10-01,RGN,2,2023-11-01,3164.8350828441226,3120.0,0.29075,30.0,0.8660961421794018,True,True,False,940.7912087912088,7.7608001762376055,2023-10-01,0.8745107883296631
2023-10-01,RGN,3,2023-12-01,3191.7040899319204,3209.0,0.265,27.0,0.8550587065550219,True,True,False,940.7912087912088,7.7608001762376055,2023-10-01,0.8745107883296631
2023-10-01,RGP,1,2023-10-01,1619.8288316632013,1665.0,0.1575,0.0,0.8449742394634994,True,False,False,422.0,6.851137935955978,2023-10-01,0.8810218217801156
2023-10-01,RGP,2,2023-11-01,1630.3059670096036,1733.0,0.34075,18.0,0.887763696208053,True,True,False,422.0,6.851137935955978,2023-10-01,0.8810218217801156
2023-10-01,RGP,3,2023-12-01,1709.1070991975807,1691.0,0.36975,20.0,0.890968030065415,True,True,False,422.0,6.851137935955978,2023-10-01,0.8810218217801156
2023-10-01,RGR,1,2023-10-01,1901.2952037018824,1788.0,0.31175,15.0,0.8788791798161675,True,True,False,446.34065934065933,6.370602309963014,2023-10-01,0.8906436888227109
2023-10-01,RGR,2,2023-11-01,1887.4545496841754,1825.0,0.43575,34.0,0.9036074783301395,True,True,False,446.34065934065933,6.370602309963014,2023-10-01,0.8906436888227109
2023-10-01,RGR,3,2023-12-01,1959.1308629170117,1913.0,0.40525,30.0,0.8962729679629844,True,True,False,446.34065934065933,6.370602309963014,2023-10-01,0.8906436888227109
2023-10-01,RGT,1,2023-10-01,2923.2682804634233,3014.0,0.87125,193.0,1.027508932566418,True,True,True,979.6373626373627,10.72034342338182,2023-10-01,0.943974010757842
2023-10-01,RGT,2,2023-11-01,2979.953227616206,2226.0,0.90325,242.0,1.067381608745762,True,True,True,979.6373626373627,10.72034342338182,2023-10-01,0.943974010757842
2023-10-01,RGT,3,2023-12-01,2867.396577206235,2915.0,0.81925,188.0,1.013418294162218,True,True,True,979.6373626373627,10.72034342338182,2023-10-01,0.943974010757842
2023-10-01,RH5,1,2023-10-01,3096.70452097981,3380.0,0.24025,23.0,0.8436997164038428,True,False,False,1224.5164835164835,10.526444495839215,2023-10-01,0.9028086589942901
2023-10-01,RH5,2,2023-11-01,3013.1772729824447,3290.0,0.241,24.0,0.8362067225750539,True,False,False,1224.5164835164835,10.526444495839215,2023-10-01,0.9028086589942901
2023-10-01,RH5,3,2023-12-01,2902.788392452998,3298.0,0.17375,0.0,0.7893316134003394,True,False,False,1224.5164835164835,10.526444495839215,2023-10-01,0.9028086589942901
2023-10-01,RH8,1,2023-10-01,3671.9241995171014,3775.0,0.75575,179.0,0.984914018669565,True,True,True,1134.7802197802198,9.352466755412406,2023-10-01,0.8898500468603562
2023-10-01,RH8,2,2023-11-01,3740.779032141225,3810.0,0.821,237.0,1.0188342708808935,True,True,True,1134.7802197802198,9.352466755412406,2023-10-01,0.8898500468603562
2023-10-01,RH8,3,2023-12-01,3777.0756488778043,3883.0,0.75225,195.0,0.987521771708292,True,True,True,1134.7802197802198,9.352466755412406,2023-10-01,0.8898500468603562
2023-10-01,RHM,1,2023-10-01,3568.1817071979517,3492.0,0.5145,113.0,0.9228413484973504,True,True,True,1203.901098901099,9.61528799527133,2023-10-01,0.9154097042674293
2023-10-01,RHM,2,2023-11-01,3555.2398918833283,3416.0,0.59175,120.0,0.9406528965935779,True,True,True,1203.901098901099,9.61528799527133,2023-10-01,0.9154097042674293
2023-10-01,RHM,3,2023-12-01,3815.7509725401637,3520.0,0.67575,180.0,0.9707451153413633,True,True,True,1203.901098901099,9.61528799527133,2023-10-01,0.9154097042674293
2023-10-01,RHQ,1,2023-10-01,3337.5455126837733,3458.0,0.41275,79.0,0.9035866865460295,True,True,False,1469.4175824175825,12.363403278893951,2023-10-01,0.8937318084261899
2023-10-01,RHQ,2,2023-11-01,3263.5043082908664,3676.0,0.43225,89.0,0.9064345347140005,True,True,False,1469.4175824175825,12.363403278893951,2023-10-01,0.8937318084261899
2023-10-01,RHQ,3,2023-12-01,3342.464825637961,3843.0,0.4165,81.0,0.9036350490818467,True,True,False,1469.4175824175825,12.363403278893951,2023-10-01,0.8937318084261899
2023-10-01,RHU,1,2023-10-01,3653.9250179010146,3731.0,0.667,150.0,0.9583639757680696,True,True,True,1098.5494505494505,8.985832629403115,2023-10-01,0.97944840909987
2023-10-01,RHU,2,2023-11-01,3627.4663767547436,3693.0,0.7495,177.0,0.9842139458068676,True,True,True,1098.5494505494505,8.985832629403115,2023-10-01,0.97944840909987
2023-10-01,RHU,3,2023-12-01,3724.6725656390527,3687.0,0.6885,165.0,0.9704610655325154,True,True,True,1098.5494505494505,8.985832629403115,2023-10-01,0.97944840909987
2023-10-01,RHW,1,2023-10-01,2514.332695416407,2691.0,0.313,23.0,0.8739298197663355,True,True,False,601.3846153846154,6.5596322846009425,2023-10-01,0.9554107648725212
2023-10-01,RHW,2,2023-11-01,2504.9848708077984,2622.0,0.4795,57.0,0.9153279243674679,True,True,False,601.3846153846154,6.5596322846009425,2023-10-01,0.9554107648725212
2023-10-01,RHW,3,2023-12-01,2513.607303612877,2665.0,0.381,40.0,0.8848771937197744,True,True,False,601.3846153846154,6.5596322846009425,2023-10-01,0.9554107648725212
2023-10-01,RJ1,1,2023-10-01,3536.0442838053737,2173.0,0.06475,0.0,0.7973255967959829,False,False,False,1275.2967032967033,8.964924070936725,2023-10-01,0.8118505229665234
2023-10-01,RJ1,2,2023-11-01,3514.5025866193027,1857.0,0.13175,0.0,0.8208589389491616,True,False,False,1275.2967032967033,8.964924070936725,2023-10-01,0.8118505229665234
2023-10-01,RJ1,3,2023-12-01,3545.0902892924246,1863.0,0.074,0.0,0.799150423039538,False,False,False,1275.2967032967033,8.964924070936725,2023-10-01,0.8118505229665234
2023-10-01,RJ2,1,2023-10-01,3571.321351814646,3499.0,0.1845,0.0,0.8233120316448733,True,False,False,906.2747252747253,6.5659691140364265,2023-10-01,0.9818481648094483
2023-10-01,RJ2,2,2023-11-01,3563.803422521806,3672.0,0.2875,31.0,0.8538523942682685,True,True,False,906.2747252747253,6.5659691140364265,2023-10-01,0.9818481648094483
2023-10-01,RJ2,3,2023-12-01,3589.9024241157967,3779.0,0.24175,19.0,0.8388799406689916,True,False,False,906.2747252747253,6.5659691140364265,2023-10-01,0.9818481648094483
2023-10-01,RJ6,1,2023-10-01,1357.4041307296395,1396.0,0.81775,97.0,1.0092946057915906,True,True,True,505.1868131868132,11.69471731289879,2023-10-01,0.9230407154624617
2023-10-01,RJ6,2,2023-11-01,1350.8951494025393,1475.0,0.79675,110.0,1.0217515370773378,True,True,True,505.1868131868132,11.69471731289879,2023-10-01,0.9230407154624617
2023-10-01,RJ6,3,2023-12-01,1297.2340043525796,1537.0,0.66825,91.0,0.9790291939450195,True,True,True,505.1868131868132,11.69471731289879,2023-10-01,0.9230407154624617
2023-10-01,RJ7,1,2023-10-01,2524.233153343246,2435.0,0.446,66.0,0.9054139860158301,True,True,False,881.0,9.838312456580669,2023-10-01,0.9872583806853428
2023-10-01,RJ7,2,2023-11-01,2410.1397198529485,2441.0,0.4165,65.0,0.8984871647108047,True,True,False,881.0,9.838312456580669,2023-10-01,0.9872583806853428
2023-10-01,RJ7,3,2023-12-01,2484.8292591397408,2505.0,0.41075,67.0,0.8956312509291147,True,True,False,881.0,9.838312456580669,2023-10-01,0.9872583806853428
2023-10-01,RJ8,1,2023-10-01,16.155715517377843,17.0,0.42125,16.0,0.8719320789243973,True,True,False,75.9010989010989,130.6674067676466,2023-10-01,0.97018544935806
2023-10-01,RJ8,2,2023-11-01,15.500804416299829,11.0,0.43375,18.0,0.8637641401201409,True,True,False,75.9010989010989,130.6674067676466,2023-10-01,0.97018544935806
2023-10-01,RJ8,3,2023-12-01,16.207301247079716,13.0,0.4675,19.0,0.902263739908302,True,True,False,75.9010989010989,130.6674067676466,2023-10-01,0.97018544935806
2023-10-01,RJC,1,2023-10-01,2109.6730947538117,2222.0,0.465,25.0,0.91375651517838,True,True,False,438.97802197802196,5.944475797955991,2023-10-01,0.8716555387689459
2023-10-01,RJC,2,2023-11-01,2120.861032249761,2366.0,0.629,42.0,0.9441955129107934,True,True,True,438.97802197802196,5.944475797955991,2023-10-01,0.8716555387689459
2023-10-01,RJC,3,2023-12-01,2099.712029239325,2167.0,0.42725,26.0,0.9056270614386257,True,True,False,438.97802197802196,5.944475797955991,2023-10-01,0.8716555387689459
2023-10-01,RJE,1,2023-10-01,5898.181689032531,6122.0,0.559,112.0,0.9300152696616575,True,True,True,1345.7362637362637,6.704071878634677,2023-10-01,0.8763731208346334
2023-10-01,RJE,2,2023-11-01,5693.494495678305,5706.0,0.60025,129.0,0.9394975511702081,True,True,True,1345.7362637362637,6.704071878634677,2023-10-01,0.8763731208346334
2023-10-01,RJE,3,2023-12-01,5679.15772417055,5836.0,0.4515,94.0,0.9100465383015277,True,True,False,1345.7362637362637,6.704071878634677,2023-10-01,0.8763731208346334
2023-10-01,RJL,1,2023-10-01,4490.263262614141,4501.0,0.9255,143.0,1.0445652836284418,True,True,True,631.2087912087912,4.564421166064707,2023-10-01,0.9228460451977402
2023-10-01,RJL,2,2023-11-01,4460.449796184442,4606.0,0.93625,165.0,1.0748006839822877,True,True,True,631.2087912087912,4.564421166064707,2023-10-01,0.9228460451977402
2023-10-01,RJL,3,2023-12-01,4562.555516671642,4623.0,0.914,150.0,1.0518870067870598,True,True,True,631.2087912087912,4.564421166064707,2023-10-01,0.9228460451977402
2023-10-01,RJN,1,2023-10-01,885.1918211584938,994.0,0.62025,38.0,0.9470867846094481,True,True,True,316.6923076923077,10.562147123736455,2023-10-01,0.9017525400322229
2023-10-01,RJN,2,2023-11-01,886.5058826308782,986.0,0.76675,55.0,0.9888575118033203,True,True,True,316.6923076923077,10.562147123736455,2023-10-01,0.9017525400322229
2023-10-01,RJN,3,2023-12-01,922.1194973918593,1005.0,0.72325,58.0,0.985710755607999,True,True,True,316.6923076923077,10.562147123736455,2023-10-01,0.9017525400322229
2023-10-01,RJR,1,2023-10-01,1609.866441771181,1713.0,0.181,0.0,0.8300404293440851,True,False,False,469.7692307692308,7.632260016161053,2023-10-01,0.939604914478439
2023-10-01,RJR,2,2023-11-01,1589.3546479007894,1621.0,0.2485,9.0,0.8502346860888464,True,False,False,469.7692307692308,7.632260016161053,2023-10-01,0.939604914478439
2023-10-01,RJR,3,2023-12-01,1535.216498005121,1726.0,0.186,0.0,0.8167234230555269,True,False,False,469.7692307692308,7.632260016161053,2023-10-01,0.939604914478439
2023-10-01,RJZ,1,2023-10-01,3758.270624491676,3660.0,0.61225,135.0,0.9429909228291043,True,True,True,1324.1978021978023,10.369394210411093,2023-10-01,0.9613726447491455
2023-10-01,RJZ,2,2023-11-01,3612.5928850091304,3573.0,0.63375,148.0,0.9496788174299213,True,True,True,1324.1978021978023,10.369394210411093,2023-10-01,0.9613726447491455
2023-10-01,RJZ,3,2023-12-01,3723.467291213336,3612.0,0.577,130.0,0.9352595932201585,True,True,True,1324.1978021978023,10.369394210411093,2023-10-01,0.9613726447491455
2023-10-01,RK5,1,2023-10-01,3388.667865913753,3553.0,0.26725,13.0,0.8698596138703137,True,True,False,652.7912087912088,5.249288669780037,2023-10-01,0.9140530066668857
2023-10-01,RK5,2,2023-11-01,3329.722569701148,3448.0,0.3765,36.0,0.8918911516355135,True,True,False,652.7912087912088,5.249288669780037,2023-10-01,0.9140530066668857
2023-10-01,RK5,3,2023-12-01,3488.665933282678,3385.0,0.3625,33.0,0.8866895159926921,True,True,False,652.7912087912088,5.249288669780037,2023-10-01,0.9140530066668857
2023-10-01,RK9,1,2023-10-01,2788.6925368106986,2563.0,0.049,0.0,0.73986650526574,False,False,False,1043.7582417582419,8.584022595318967,2023-10-01,0.9030344604955209
2023-10-01,RK9,2,2023-11-01,2891.407079111915,2752.0,0.11925,0.0,0.7995038972357476,True,False,False,1043.7582417582419,8.584022595318967,2023-10-01,0.9030344604955209
2023-10-01,RK9,3,2023-12-01,3013.9912066147654,2961.0,0.14675,0.0,0.8004289112749313,True,False,False,1043.7582417582419,8.584022595318967,2023-10-01,0.9030344604955209
2023-10-01,RKB,1,2023-10-01,3088.443302671099,3210.0,0.44225,64.0,0.9064899598720646,True,True,False,1058.1538461538462,9.6945993408368,2023-10-01,0.996587444217838
2023-10-01,RKB,2,2023-11-01,3199.14075727951,3048.0,0.667,145.0,0.9605693658319737,True,True,True,1058.1538461538462,9.6945993408368,2023-10-01,0.996587444217838
2023-10-01,RKB,3,2023-12-01,3233.5859349849957,3303.0,0.61275,122.0,0.9462150395416019,True,True,True,1058.1538461538462,9.6945993408368,2023-10-01,0.996587444217838
2023-10-01,RKE,1,2023-10-01,976.8851116263874,981.0,0.17925,0.0,0.8020410166918214,True,False,False,262.0,6.6336285163553805,2023-10-01,0.9377391617521272
2023-10-01,RKE,2,2023-11-01,974.2855263394815,1056.0,0.2315,5.0,0.8207128408527756,True,False,False,262.0,6.6336285163553805,2023-10-01,0.9377391617521272
2023-10-01,RKE,3,2023-12-01,990.4591653227815,1162.0,0.20525,1.0,0.8107091513107154,True,False,False,262.0,6.6336285163553805,2023-10-01,0.9377391617521272
2023-10-01,RL4,1,2023-10-01,5985.461530353977,5952.0,0.6305,86.0,0.9444829768176431,True,True,True,868.0989010989011,4.244418908632633,2023-10-01,0.9195947007383359
2023-10-01,RL4,2,2023-11-01,5909.585682714332,5820.0,0.73725,114.0,0.9690163346193594,True,True,True,868.0989010989011,4.244418908632633,2023-10-01,0.9195947007383359
2023-10-01,RL4,3,2023-12-01,6192.002118559339,5811.0,0.6925,110.0,0.9631601513712947,True,True,True,868.0989010989011,4.244418908632633,2023-10-01,0.9195947007383359
2023-10-01,RLQ,1,2023-10-01,1699.8383930996624,1834.0,0.8925,67.0,1.0453618314139832,True,True,True,286.6043956043956,5.490264572066715,2023-10-01,0.9702720986169574
2023-10-01,RLQ,2,2023-11-01,1671.7691351264282,1825.0,0.93175,75.0,1.068622902145079,True,True,True,286.6043956043956,5.490264572066715,2023-10-01,0.9702720986169574
2023-10-01,RLQ,3,2023-12-01,1703.4044825954766,1942.0,0.855,68.0,1.0402934470336518,True,True,True,286.6043956043956,5.490264572066715,2023-10-01,0.9702720986169574
2023-10-01,RLT,1,2023-10-01,1039.6878980028544,970.0,0.13075,0.0,0.6977702247156387,True,False,False,347.0769230769231,7.127543606883708,2023-10-01,0.977555735589762
2023-10-01,RLT,2,2023-11-01,1051.3593167086076,904.0,0.16475,0.0,0.7240501275770317,True,False,False,347.0769230769231,7.127543606883708,2023-10-01,0.977555735589762
2023-10-01,RLT,3,2023-12-01,1160.1841904026064,1074.0,0.23425,10.0,0.7738081824637361,True,False,False,347.0769230769231,7.127543606883708,2023-10-01,0.977555735589762
2023-10-01,RM1,1,2023-10-01,2414.0599208777376,2321.0,0.47225,82.0,0.9133446851734814,True,True,False,992.989010989011,11.875227187120775,2023-10-01,0.962953332730397
2023-10-01,RM1,2,2023-11-01,2336.323248657231,2438.0,0.5875,122.0,0.942062907881585,True,True,True,992.989010989011,11.875227187120775,2023-10-01,0.962953332730397
2023-10-01,RM1,3,2023-12-01,2422.5585619138747,2744.0,0.558,123.0,0.937989949993051,True,True,True,992.989010989011,11.875227187120775,2023-10-01,0.962953332730397
2023-10-01,RM3,1,2023-10-01,7264.1312642907,7316.0,0.6905,215.0,0.9675855789296152,True,True,True,1479.8351648351647,6.144229376216402,2023-10-01,0.8673145591754094
2023-10-01,RM3,2,2023-11-01,7179.5666469965345,7373.0,0.7415,269.0,0.9879897742367002,True,True,True,1479.8351648351647,6.144229376216402,2023-10-01,0.8673145591754094
2023-10-01,RM3,3,2023-12-01,7384.172307709705,7357.0,0.7115,265.0,0.9817944235823284,True,True,True,1479.8351648351647,6.144229376216402,2023-10-01,0.8673145591754094
2023-10-01,RMC,1,2023-10-01,2249.6051711275136,2377.0,0.3475,29.0,0.8868419238290942,True,True,False,619.4615384615385,7.631536049932534,2023-10-01,0.8750795042373609
2023-10-01,RMC,2,2023-11-01,2205.627556531286,2357.0,0.4355,41.0,0.9046665618677927,True,True,False,619.4615384615385,7.631536049932534,2023-10-01,0.8750795042373609
2023-10-01,RMC,3,2023-12-01,2215.031877970263,2303.0,0.313,24.0,0.8752177658520984,True,True,False,619.4615384615385,7.631536049932534,2023-10-01,0.8750795042373609
2023-10-01,RMP,1,2023-10-01,2321.6565210282224,2525.0,0.73075,73.0,0.983749326405527,True,True,True,432.64835164835165,5.7592851490645005,2023-10-01,0.9141711564966797
2023-10-01,RMP,2,2023-11-01,2231.0450929121953,2435.0,0.77225,79.0,0.9951464140462042,True,True,True,432.64835164835165,5.7592851490645005,2023-10-01,0.9141711564966797
2023-10-01,RMP,3,2023-12-01,2292.785979925399,2454.0,0.7045,72.0,0.9748825930477957,True,True,True,432.64835164835165,5.7592851490645005,2023-10-01,0.9141711564966797
2023-10-01,RN3,1,2023-10-01,2111.111670401011,2205.0,0.62175,69.0,0.9491941560765735,True,True,True,571.945054945055,8.021578112942896,2023-10-01,0.9436151011506353
2023-10-01,RN3,2,2023-11-01,2087.5739775526977,2264.0,0.69825,85.0,0.9709454106897619,True,True,True,571.945054945055,8.021578112942896,2023-10-01,0.9436151011506353
2023-10-01,RN3,3,2023-12-01,2124.90387964514,2598.0,0.66225,80.0,0.96025781958156,True,True,True,571.945054945055,8.021578112942896,2023-10-01,0.9436151011506353
2023-10-01,RN5,1,2023-10-01,4103.360593562162,3981.0,0.725,122.0,0.9796872861633189,True,True,True,764.4065934065934,5.698280729068891,2023-10-01,0.9350758030098049
2023-10-01,RN5,2,2023-11-01,3995.8664106526703,3991.0,0.7665,134.0,0.9940943511044028,True,True,True,764.4065934065934,5.698280729068891,2023-10-01,0.9350758030098049
2023-10-01,RN5,3,2023-12-01,4050.405689301925,4252.0,0.69975,128.0,0.975216747780495,True,True,True,764.4065934065934,5.698280729068891,2023-10-01,0.9350758030098049
2023-10-01,RN7,1,2023-10-01,2743.8494573603075,2976.0,0.59775,67.0,0.9444827855199365,True,True,True,535.6263736263736,5.743243926205718,2023-10-01,0.9350294158156739
2023-10-01,RN7,2,2023-11-01,2707.8489246375048,3181.0,0.69775,85.0,0.9733978603274086,True,True,True,535.6263736263736,5.743243926205718,2023-10-01,0.9350294158156739
2023-10-01,RN7,3,2023-12-01,2802.2974524047218,3174.0,0.6635,84.0,0.9665138654865669,True,True,True,535.6263736263736,5.743243926205718,2023-10-01,0.9350294158156739
2023-10-01,RNA,1,2023-10-01,3363.9852897180876,3324.0,0.8385,188.0,1.0602632386600703,True,True,True,614.9010989010989,6.05077594020261,2023-10-01,0.950404562711515
2023-10-01,RNA,2,2023-11-01,3316.9672353610126,3481.0,0.882,215.0,1.0977723187093738,True,True,True,614.9010989010989,6.05077594020261,2023-10-01,0.950404562711515
2023-10-01,RNA,3,2023-12-01,3485.617594086157,3653.0,0.90575,232.0,1.117910267117615,True,True,True,614.9010989010989,6.05077594020261,2023-10-01,0.950404562711515
2023-10-01,RNN,1,2023-10-01,2310.4395028268855,2319.0,0.27725,15.0,0.8710822923189798,True,True,False,635.7252747252747,7.485956764497049,2023-10-01,0.9213766809212222
2023-10-01,RNN,2,2023-11-01,2224.503858547335,2252.0,0.30425,22.0,0.8777011546227605,True,True,False,635.7252747252747,7.485956764497049,2023-10-01,0.9213766809212222
2023-10-01,RNN,3,2023-12-01,2274.444144017589,2337.0,0.2925,20.0,0.8720487158627835,True,True,False,635.7252747252747,7.485956764497049,2023-10-01,0.9213766809212222
2023-10-01,RNQ,1,2023-10-01,2002.7493129663387,1988.0,0.49725,56.0,0.9192844417201483,True,True,False,554.0,7.862813493989481,2023-10-01,0.9881954184198224
2023-10-01,RNQ,2,2023-11-01,2026.5903600651577,1973.0,0.616,81.0,0.9541155814520268,True,True,True,554.0,7.862813493989481,2023-10-01,0.9881954184198224
2023-10-01,RNQ,3,2023-12-01,2050.0271008139166,1960.0,0.56325,75.0,0.9390924839605251,True,True,True,554.0,7.862813493989481,2023-10-01,0.9881954184198224
2023-10-01,RNS,1,2023-10-01,1771.3631599015387,1847.0,0.141,0.0,0.8100401851469838,True,False,False,680.6373626373627,9.719715471893728,2023-10-01,0.8873180028744612
2023-10-01,RNS,2,2023-11-01,1743.1920574820392,1931.0,0.20275,1.0,0.8338786674656011,True,False,False,680.6373626373627,9.719715471893728,2023-10-01,0.8873180028744612
2023-10-01,RNS,3,2023-12-01,1786.0902950502982,1962.0,0.1895,0.0,0.814712380028324,True,False,False,680.6373626373627,9.719715471893728,2023-10-01,0.8873180028744612
2023-10-01,RNZ,1,2023-10-01,1304.451451585337,1305.0,0.62525,55.0,0.9471027537814658,True,True,True,459.27472527472526,10.442127877818034,2023-10-01,0.9334549434512951
2023-10-01,RNZ,2,2023-11-01,1273.2875687693877,1251.0,0.6345,59.0,0.9505272454137311,True,True,True,459.27472527472526,10.442127877818034,2023-10-01,0.9334549434512951
2023-10-01,RNZ,3,2023-12-01,1285.1668392484967,1314.0,0.5975,53.0,0.9425557137853836,True,True,True,459.27472527472526,10.442127877818034,2023-10-01,0.9334549434512951
2023-10-01,RP5,1,2023-10-01,3656.4907879780367,3839.0,0.7705,126.0,0.9965550095948522,True,True,True,677.0,5.639860950369351,2023-10-01,0.9770031055900621
2023-10-01,RP5,2,2023-11-01,3758.9422421076524,3906.0,0.8665,152.0,1.0336171941488543,True,True,True,677.0,5.639860950369351,2023-10-01,0.9770031055900621
2023-10-01,RP5,3,2023-12-01,3955.8470520768337,3931.0,0.862,173.0,1.0483331479949167,True,True,True,677.0,5.639860950369351,2023-10-01,0.9770031055900621
2023-10-01,RP6,1,2023-10-01,5.344713178557206,11.0,0.0,0.0,0.2305000164454073,False,False,False,7.582417582417582,10.249150947411803,2023-10-01,0.4246376811594203
2023-10-01,RP6,2,2023-11-01,5.8750743616317695,1.0,0.0,0.0,0.2590379483651884,False,False,False,7.582417582417582,10.249150947411803,2023-10-01,0.4246376811594203
2023-10-01,RP6,3,2023-12-01,6.0798582030614785,5.0,0.0,0.0,0.24861847500449907,False,False,False,7.582417582417582,10.249150947411803,2023-10-01,0.4246376811594203
2023-10-01,RPA,1,2023-10-01,2093.0631059522625,2046.0,0.154,0.0,0.7924561076533132,True,False,False,490.0879120879121,5.769154293470946,2023-10-01,0.704565213191399
2023-10-01,RPA,2,2023-11-01,2072.9943277895427,2163.0,0.22475,7.0,0.8232453523281362,True,False,False,490.0879120879121,5.769154293470946,2023-10-01,0.704565213191399
2023-10-01,RPA,3,2023-12-01,2214.078572836191,2217.0,0.292,24.0,0.8422396419759841,True,True,False,490.0879120879121,5.769154293470946,2023-10-01,0.704565213191399
2023-10-01,RPC,1,2023-10-01,3.4364561257435873,5.0,0.1225,0.0,0.6137483413134694,True,False,False,49.7032967032967,276.50537167815577,2023-10-01,0.4973948641607741
2023-10-01,RPC,2,2023-11-01,3.6471308516547354,0.0,0.185,0.0,0.6624053423315621,True,False,False,49.7032967032967,276.50537167815577,2023-10-01,0.4973948641607741
2023-10-01,RPC,3,2023-12-01,3.682934257146437,2.0,0.151,0.0,0.648271345791408,True,False,False,49.7032967032967,276.50537167815577,2023-10-01,0.4973948641607741
2023-10-01,RQ3,1,2023-10-01,942.9350584612479,960.0,0.1065,0.0,0.7646129875783847,True,False,False,267.7692307692308,6.7279788392890865,2023-10-01,0.8237334077410612
2023-10-01,RQ3,2,2023-11-01,965.5240672705633,1031.0,0.1515,0.0,0.7843850045389184,True,False,False,267.7692307692308,6.7279788392890865,2023-10-01,0.8237334077410612
2023-10-01,RQ3,3,2023-12-01,921.7030586931262,935.0,0.10275,0.0,0.7623666380667647,True,False,False,267.7692307692308,6.7279788392890865,2023-10-01,0.8237334077410612
2023-10-01,RQM,1,2023-10-01,2662.530567174972,2727.0,0.7125,106.0,0.9707808952717197,True,True,True,740.1978021978022,8.40045772482188,2023-10-01,0.9274587031920521
2023-10-01,RQM,2,2023-11-01,2658.9376042134563,2770.0,0.78575,126.0,0.9945805801172247,True,True,True,740.1978021978022,8.40045772482188,2023-10-01,0.9274587031920521
2023-10-01,RQM,3,2023-12-01,2689.467967828978,2785.0,0.692,108.0,0.9694427043779686,True,True,True,740.1978021978022,8.40045772482188,2023-10-01,0.9274587031920521
2023-10-01,RQW,1,2023-10-01,2006.5344780090054,2150.0,0.65575,82.0,0.9748806887911505,True,True,True,422.5934065934066,6.434123560793346,2023-10-01,0.9094121111002061
2023-10-01,RQW,2,2023-11-01,2050.6913201108473,2057.0,0.7455,108.0,1.0204158419121963,True,True,True,422.5934065934066,6.434123560793346,2023-10-01,0.9094121111002061
2023-10-01,RQW,3,2023-12-01,2015.2912092821243,2161.0,0.646,87.0,0.9734791563860775,True,True,True,422.5934065934066,6.434123560793346,2023-10-01,0.9094121111002061
2023-10-01,RQX,1,2023-10-01,1782.1445745430708,1756.0,0.31075,9.0,0.8826688083501478,True,True,False,289.967032967033,4.522613097260098,2023-10-01,0.8622554831061056
2023-10-01,RQX,2,2023-11-01,1792.737766552504,1784.0,0.491,22.0,0.9183591449585234,True,True,False,289.967032967033,4.522613097260098,2023-10-01,0.8622554831061056
2023-10-01,RQX,3,2023-12-01,1783.14759655756,1808.0,0.401,18.0,0.8968653035439246,True,True,False,289.967032967033,4.522613097260098,2023-10-01,0.8622554831061056
2023-10-01,RR7,1,2023-10-01,1637.8850863381356,1709.0,0.4465,32.0,0.9085982747619914,True,True,False,439.24175824175825,7.622930595329083,2023-10-01,0.9450080700945355
2023-10-01,RR7,2,2023-11-01,1623.3551122870213,1666.0,0.58325,49.0,0.9404875533262248,True,True,True,439.24175824175825,7.622930595329083,2023-10-01,0.9450080700945355
2023-10-01,RR7,3,2023-12-01,1760.5838122958946,1829.0,0.68525,63.0,0.9655236425458804,True,True,True,439.24175824175825,7.622930595329083,2023-10-01,0.9450080700945355
2023-10-01,RR8,1,2023-10-01,3738.3378041287324,3928.0,0.4335,123.0,0.9046036348667091,True,True,False,1745.8351648351647,13.219675347237457,2023-10-01,0.9670319095703049
2023-10-01,RR8,2,2023-11-01,3700.2563373014223,3840.0,0.51425,168.0,0.9242729591162243,True,True,True,1745.8351648351647,13.219675347237457,2023-10-01,0.9670319095703049
2023-10-01,RR8,3,2023-12-01,3599.425653690595,3958.0,0.38325,109.0,0.8907334163720511,True,True,False,1745.8351648351647,13.219675347237457,2023-10-01,0.9670319095703049
2023-10-01,RRF,1,2023-10-01,2239.7240850687795,2320.0,0.01075,0.0,0.6486290136116782,False,False,False,695.3296703296703,6.203125354308828,2023-10-01,0.8708956404778859
2023-10-01,RRF,2,2023-11-01,2234.952818307461,2276.0,0.01975,0.0,0.6626564179075409,False,False,False,695.3296703296703,6.203125354308828,2023-10-01,0.8708956404778859
2023-10-01,RRF,3,2023-12-01,2274.385348318081,2399.0,0.03875,0.0,0.6554423217970343,False,False,False,695.3296703296703,6.203125354308828,2023-10-01,0.8708956404778859
2023-10-01,RRK,1,2023-10-01,10895.78389048337,10546.0,0.94425,585.0,1.0518576115857545,True,True,True,2577.3626373626375,7.815570222242789,2023-10-01,0.9889974976540508
2023-10-01,RRK,2,2023-11-01,10611.40964233194,10610.0,0.92575,657.0,1.0644200323785078,True,True,True,2577.3626373626375,7.815570222242789,2023-10-01,0.9889974976540508
2023-10-01,RRK,3,2023-12-01,10731.987398486617,10817.0,0.8405,594.0,1.0291888647887482,True,True,True,2577.3626373626375,7.815570222242789,2023-10-01,0.9889974976540508
2023-10-01,RRV,1,2023-10-01,1431.7766397867833,1429.0,0.1305,0.0,0.8248033219027019,True,False,False,663.6373626373627,11.922467311547265,2023-10-01,0.7750890714753145
2023-10-01,RRV,2,2023-11-01,1420.4154604324547,1482.0,0.205,1.0,0.8434341556568342,True,False,False,663.6373626373627,11.922467311547265,2023-10-01,0.7750890714753145
2023-10-01,RRV,3,2023-12-01,1398.2980720858845,1383.0,0.1375,0.0,0.8183286388156867,True,False,False,663.6373626373627,11.922467311547265,2023-10-01,0.7750890714753145
2023-10-01,RTD,1,2023-10-01,3432.1537436260105,3687.0,0.15775,0.0,0.8386424952081079,True,False,False,1460.2307692307693,11.157675765390808,2023-10-01,0.8534512504313126
2023-10-01,RTD,2,2023-11-01,3419.6018754935435,3720.0,0.2895,45.0,0.8724727259200143,True,True,False,1460.2307692307693,11.157675765390808,2023-10-01,0.8534512504313126
2023-10-01,RTD,3,2023-12-01,3566.1722776549755,3534.0,0.285,42.0,0.8661050184703099,True,True,False,1460.2307692307693,11.157675765390808,2023-10-01,0.8534512504313126
2023-10-01,RTE,1,2023-10-01,2745.7409462763876,2769.0,0.56175,131.0,0.9392858441767042,True,True,True,844.3296703296703,9.083800152923486,2023-10-01,0.9667614912412038
2023-10-01,RTE,2,2023-11-01,2704.2326374262125,2804.0,0.6,147.0,0.9543385040833285,True,True,True,844.3296703296703,9.083800152923486,2023-10-01,0.9667614912412038
2023-10-01,RTE,3,2023-12-01,2686.985103275035,2840.0,0.48575,110.0,0.91472843219866,True,True,False,844.3296703296703,9.083800152923486,2023-10-01,0.9667614912412038
2023-10-01,RTF,1,2023-10-01,5555.235025981171,5587.0,0.55175,58.0,0.9293548574205687,True,True,True,815.5494505494505,4.257140106211696,2023-10-01,0.8870578151784323
2023-10-01,RTF,2,2023-11-01,5505.797690995813,5270.0,0.69025,90.0,0.9578422962096798,True,True,True,815.5494505494505,4.257140106211696,2023-10-01,0.8870578151784323
2023-10-01,RTF,3,2023-12-01,5620.776242752566,5281.0,0.6025,79.0,0.9410804935589692,True,True,True,815.5494505494505,4.257140106211696,2023-10-01,0.8870578151784323
2023-10-01,RTG,1,2023-10-01,4326.182116569147,4248.0,0.36375,93.0,0.8765044278790446,True,True,False,1450.2967032967033,9.097987276530151,2023-10-01,0.9217052612360406
2023-10-01,RTG,2,2023-11-01,4238.78263671582,4105.0,0.3885,114.0,0.8853350690664166,True,True,False,1450.2967032967033,9.097987276530151,2023-10-01,0.9217052612360406
2023-10-01,RTG,3,2023-12-01,4296.3707342660555,4190.0,0.33325,96.0,0.8675066177577541,True,True,False,1450.2967032967033,9.097987276530151,2023-10-01,0.9217052612360406
2023-10-01,RTH,1,2023-10-01,3995.542072939469,4172.0,0.74375,123.0,0.9680870830852898,True,True,True,1018.5604395604396,7.712493126553875,2023-10-01,0.9456316648646358
2023-10-01,RTH,2,2023-11-01,3996.9151906598163,4179.0,0.8755,175.0,1.0118135002967483,True,True,True,1018.5604395604396,7.712493126553875,2023-10-01,0.9456316648646358
2023-10-01,RTH,3,2023-12-01,4078.983196815318,4213.0,0.807,147.0,0.9878273483593618,True,True,True,1018.5604395604396,7.712493126553875,2023-10-01,0.9456316648646358
2023-10-01,RTK,1,2023-10-01,2677.1812561965353,2773.0,0.9115,183.0,1.153980745037863,True,True,True,415.25274725274727,5.554274426028716,2023-10-01,0.9029821936978236
2023-10-01,RTK,2,2023-11-01,2625.1630255646264,2417.0,0.93075,190.0,1.169385153135439,True,True,True,415.25274725274727,5.554274426028716,2023-10-01,0.9029821936978236
2023-10-01,RTK,3,2023-12-01,2707.3383064896116,2556.0,0.89175,197.0,1.160577843955851,True,True,True,415.25274725274727,5.554274426028716,2023-10-01,0.9029821936978236
2023-10-01,RTP,1,2023-10-01,3151.462438668221,3118.0,0.714,197.0,1.009290154256655,True,True,True,747.7802197802198,7.461801851466096,2023-10-01,0.8919387259998613
2023-10-01,RTP,2,2023-11-01,3123.6571767281002,3227.0,0.7445,215.0,1.0336544377608374,True,True,True,747.7802197802198,7.461801851466096,2023-10-01,0.8919387259998613
2023-10-01,RTP,3,2023-12-01,3164.7468137164524,3031.0,0.7105,196.0,1.0073034813192225,True,True,True,747.7802197802198,7.461801851466096,2023-10-01,0.8919387259998613
2023-10-01,RTR,1,2023-10-01,2647.593265002649,2868.0,0.59675,84.0,0.938515004983517,True,True,True,885.3516483516484,9.808312717796515,2023-10-01,0.8922040311091389
2023-10-01,RTR,2,2023-11-01,2604.3652047448395,2826.0,0.67975,108.0,0.9582010179177478,True,True,True,885.3516483516484,9.808312717796515,2023-10-01,0.8922040311091389
2023-10-01,RTR,3,2023-12-01,2634.527171312652,2835.0,0.56925,86.0,0.9348449021960931,True,True,True,885.3516483516484,9.808312717796515,2023-10-01,0.8922040311091389
2023-10-01,RTX,1,2023-10-01,3045.394976826539,3047.0,0.91975,154.0,1.0553343742776484,True,True,True,636.3076923076923,6.855390065298551,2023-10-01,0.8889563823504598
2023-10-01,RTX,2,2023-11-01,2967.8442919576414,3138.0,0.93225,164.0,1.0670752619314245,True,True,True,636.3076923076923,6.855390065298551,2023-10-01,0.8889563823504598
2023-10-01,RTX,3,2023-12-01,2978.1794477129956,3078.0,0.845,144.0,1.036041141017726,True,True,True,636.3076923076923,6.855390065298551,2023-10-01,0.8889563823504598
2023-10-01,RVJ,1,2023-10-01,2948.258290593353,2682.0,0.44825,63.0,0.9086867062805493,True,True,False,920.3076923076923,8.93238476723252,2023-10-01,0.9560192312246879
2023-10-01,RVJ,2,2023-11-01,2993.704782558573,2803.0,0.7,127.0,0.9669869832529743,True,True,True,920.3076923076923,8.93238476723252,2023-10-01,0.9560192312246879
2023-10-01,RVJ,3,2023-12-01,2934.8697564703416,2704.0,0.48425,83.0,0.9163031324285702,True,True,False,920.3076923076923,8.93238476723252,2023-10-01,0.9560192312246879
2023-10-01,RVR,1,2023-10-01,1947.713870187564,2019.0,0.0795,0.0,0.8045094723921392,False,False,False,683.1758241758242,8.75169759499809,2023-10-01,0.8217139749535478
2023-10-01,RVR,2,2023-11-01,1957.4615515434405,2048.0,0.147,0.0,0.8303117023151784,True,False,False,683.1758241758242,8.75169759499809,2023-10-01,0.8217139749535478
2023-10-01,RVR,3,2023-12-01,1923.839003102751,2057.0,0.07475,0.0,0.7923593437416344,False,False,False,683.1758241758242,8.75169759499809,2023-10-01,0.8217139749535478
2023-10-01,RVV,1,2023-10-01,4882.2699554118835,4974.0,0.422,147.0,0.8834280160434883,True,True,False,1126.043956043956,6.3961050512288375,2023-10-01,0.9343048350691007
2023-10-01,RVV,2,2023-11-01,4761.939705202368,4561.0,0.43775,166.0,0.893033194881655,True,True,False,1126.043956043956,6.3961050512288375,2023-10-01,0.9343048350691007
2023-10-01,RVV,3,2023-12-01,4830.848439246625,4219.0,0.38475,134.0,0.8691501183696023,True,True,False,1126.043956043956,6.3961050512288375,2023-10-01,0.9343048350691007
2023-10-01,RVW,1,2023-10-01,2077.533928376462,2331.0,0.4955,39.0,0.9192024898971808,True,True,False,517.6373626373627,7.132230768828252,2023-10-01,0.9302498542684275
2023-10-01,RVW,2,2023-11-01,2102.305389891365,2257.0,0.729,67.0,0.9685979845082332,True,True,True,517.6373626373627,7.132230768828252,2023-10-01,0.9302498542684275
2023-10-01,RVW,3,2023-12-01,2162.622348878081,2293.0,0.70325,69.0,0.9658247307706772,True,True,True,517.6373626373627,7.132230768828252,2023-10-01,0.9302498542684275
2023-10-01,RW1,1,2023-10-01,2.8939508850099807,0.0,0.001,0.0,0.35676852986795093,False,False,False,100.67032967032966,393.01841732449617,2023-10-01,0.880904268754736
2023-10-01,RW1,2,2023-11-01,2.8257042989692636,0.0,0.015,0.0,0.35267517460284903,False,False,False,100.67032967032966,393.01841732449617,2023-10-01,0.880904268754736
2023-10-01,RW1,3,2023-12-01,2.8012018896207347,1.0,0.02325,0.0,0.3396415553252695,False,False,False,100.67032967032966,393.01841732449617,2023-10-01,0.880904268754736
2023-10-01,RWA,1,2023-10-01,3460.2644573558578,3543.0,0.8135,177.0,0.9908007397936193,True,True,True,1139.5164835164835,10.129983401626978,2023-10-01,0.9062925249870958
2023-10-01,RWA,2,2023-11-01,3437.862896343292,3381.0,0.83525,218.0,1.0128856891364015,True,True,True,1139.5164835164835,10.129983401626978,2023-10-01,0.9062925249870958
2023-10-01,RWA,3,2023-12-01,3448.711498338975,3673.0,0.723,177.0,0.9755295066294831,True,True,True,1139.5164835164835,10.129983401626978,2023-10-01,0.9062925249870958
2023-10-01,RWD,1,2023-10-01,4185.927359123402,4132.0,0.3185,26.0,0.8895926499520935,True,True,False,992.4065934065934,6.621226141272046,2023-10-01,0.8686618569000641
2023-10-01,RWD,2,2023-11-01,4098.119314570034,4208.0,0.40625,45.0,0.9031599478146677,True,True,False,992.4065934065934,6.621226141272046,2023-10-01,0.8686618569000641
2023-10-01,RWD,3,2023-12-01,4199.7930421357805,4248.0,0.37575,41.0,0.8984869012261447,True,True,False,992.4065934065934,6.621226141272046,2023-10-01,0.8686618569000641
2023-10-01,RWE,1,2023-10-01,5510.366361138605,5529.0,0.8945,305.0,1.0225797908630834,True,True,True,1677.3296703296703,9.747610919698403,2023-10-01,0.9308273123738854
2023-10-01,RWE,2,2023-11-01,5443.401163659418,5658.0,0.92775,359.0,1.0433422517567548,True,True,True,1677.3296703296703,9.747610919698403,2023-10-01,0.9308273123738854
2023-10-01,RWE,3,2023-12-01,5455.086469081218,5625.0,0.84575,312.0,1.0175867345033403,True,True,True,1677.3296703296703,9.747610919698403,2023-10-01,0.9308273123738854
2023-10-01,RWF,1,2023-10-01,5774.189778720278,5717.0,0.91825,193.0,1.0698476036640414,True,True,True,687.5714285714286,3.9783253453934515,2023-10-01,0.8778915493397434
2023-10-01,RWF,2,2023-11-01,5683.0105153186005,5655.0,0.9485,206.0,1.0977049086365165,True,True,True,687.5714285714286,3.9783253453934515,2023-10-01,0.8778915493397434
2023-10-01,RWF,3,2023-12-01,5772.707308941451,5051.0,0.89125,192.0,1.0700167316209337,True,True,True,687.5714285714286,3.9783253453934515,2023-10-01,0.8778915493397434
2023-10-01,RWG,1,2023-10-01,3313.5048083818215,3448.0,0.3795,37.0,0.8955141914520931,True,True,False,662.978021978022,5.600043028776384,2023-10-01,0.9004229646873668
2023-10-01,RWG,2,2023-11-01,3255.044479421486,3436.0,0.48875,60.0,0.9176166719152952,True,True,False,662.978021978022,5.600043028776384,2023-10-01,0.9004229646873668
2023-10-01,RWG,3,2023-12-01,3250.921049982229,3250.0,0.352,31.0,0.8831129878289754,True,True,False,662.978021978022,5.600043028776384,2023-10-01,0.9004229646873668
2023-10-01,RWH,1,2023-10-01,2729.4863752756773,2719.0,0.2865,15.0,0.8779540742529727,True,True,False,571.3626373626373,5.773949894565729,2023-10-01,0.8974775178178289
2023-10-01,RWH,2,2023-11-01,2631.425163585704,2664.0,0.3845,30.0,0.8978032580777257,True,True,False,571.3626373626373,5.773949894565729,2023-10-01,0.8974775178178289
2023-10-01,RWH,3,2023-12-01,2744.036471970579,2829.0,0.39525,33.0,0.8952539406562292,True,True,False,571.3626373626373,5.773949894565729,2023-10-01,0.8974775178178289
2023-10-01,RWJ,1,2023-10-01,2818.82627964852,2766.0,0.39875,43.0,0.8949162966675531,True,True,False,645.6593406593406,6.42718208679716,2023-10-01,0.9365082091090198
2023-10-01,RWJ,2,2023-11-01,2807.9383949794824,2718.0,0.48075,57.0,0.9152190370332084,True,True,False,645.6593406593406,6.42718208679716,2023-10-01,0.9365082091090198
2023-10-01,RWJ,3,2023-12-01,2806.0426552340277,2618.0,0.40525,44.0,0.8974779612492643,True,True,False,645.6593406593406,6.42718208679716,2023-10-01,0.9365082091090198
2023-10-01,RWP,1,2023-10-01,3515.905185203423,3558.0,0.39175,38.0,0.9004731197201413,True,True,False,765.1758241758242,6.109945734311804,2023-10-01,0.9267633460013446
2023-10-01,RWP,2,2023-11-01,3470.737107465704,3439.0,0.4675,50.0,0.9129982881022716,True,True,False,765.1758241758242,6.109945734311804,2023-10-01,0.9267633460013446
2023-10-01,RWP,3,2023-12-01,3460.8258236194847,3513.0,0.37125,37.0,0.8915836187566896,True,True,False,765.1758241758242,6.109945734311804,2023-10-01,0.9267633460013446
2023-10-01,RWW,1,2023-10-01,2358.46598666943,2540.0,0.82275,121.0,1.0217622601769678,True,True,True,550.1648351648352,7.434420263570046,2023-10-01,0.9298608046853063
2023-10-01,RWW,2,2023-11-01,2366.4906661117802,1790.0,0.87375,141.0,1.0546705770379141,True,True,True,550.1648351648352,7.434420263570046,2023-10-01,0.9298608046853063
2023-10-01,RWW,3,2023-12-01,2384.3612172131693,1854.0,0.83875,136.0,1.034668399948838,True,True,True,550.1648351648352,7.434420263570046,2023-10-01,0.9298608046853063
2023-10-01,RWX,1,2023-10-01,40.67623755092474,32.0,0.06775,0.0,0.6785895478157097,False,False,False,44.73626373626374,23.76587381315316,2023-10-01,0.899009900990099
2023-10-01,RWX,2,2023-11-01,42.68352205564228,40.0,0.1425,0.0,0.7308334604892428,True,False,False,44.73626373626374,23.76587381315316,2023-10-01,0.899009900990099
2023-10-01,RWX,3,2023-12-01,43.24006624854504,40.0,0.17475,0.0,0.7359468509075988,True,False,False,44.73626373626374,23.76587381315316,2023-10-01,0.899009900990099
2023-10-01,RWY,1,2023-10-01,3111.2439313381306,2975.0,0.3125,21.0,0.8847689727050063,True,True,False,661.8131868131868,5.8813254724310315,2023-10-01,0.9073811564580998
2023-10-01,RWY,2,2023-11-01,3122.5780806602106,2993.0,0.4735,44.0,0.9157364141780068,True,True,False,661.8131868131868,5.8813254724310315,2023-10-01,0.9073811564580998
2023-10-01,RWY,3,2023-12-01,3203.486509680889,3199.0,0.472,52.0,0.9143513064064582,True,True,False,661.8131868131868,5.8813254724310315,2023-10-01,0.9073811564580998
2023-10-01,RX1,1,2023-10-01,3968.468443911041,4103.0,0.15825,0.0,0.8199863277953368,True,False,False,1669.010989010989,10.704920359876226,2023-10-01,0.8855866241996732
2023-10-01,RX1,2,2023-11-01,3885.176040439438,3958.0,0.2,0.0,0.8263799553653767,True,False,False,1669.010989010989,10.704920359876226,2023-10-01,0.8855866241996732
2023-10-01,RX1,3,2023-12-01,3996.8020920363956,3824.0,0.19725,0.0,0.8186285262646528,True,False,False,1669.010989010989,10.704920359876226,2023-10-01,0.8855866241996732
2023-10-01,RXC,1,2023-10-01,3454.3987985841122,3389.0,0.311,35.0,0.8609422599285661,True,True,False,746.0,5.821026947494876,2023-10-01,0.9176468843170119
2023-10-01,RXC,2,2023-11-01,3398.4173749128563,3341.0,0.3565,51.0,0.8791948512349417,True,True,False,746.0,5.821026947494876,2023-10-01,0.9176468843170119
2023-10-01,RXC,3,2023-12-01,3423.993003512407,3719.0,0.29375,31.0,0.8561190119537078,True,True,False,746.0,5.821026947494876,2023-10-01,0.9176468843170119
2023-10-01,RXF,1,2023-10-01,3916.021492011402,3906.0,0.18725,0.0,0.8496509921564555,True,False,False,1033.8791208791208,6.994541683635533,2023-10-01,0.9001449672049714
2023-10-01,RXF,2,2023-11-01,3841.677486878581,3745.0,0.2635,22.0,0.8679328639827691,True,True,False,1033.8791208791208,6.994541683635533,2023-10-01,0.9001449672049714
2023-10-01,RXF,3,2023-12-01,4000.6279672211626,3899.0,0.28225,27.0,0.8721970466550489,True,True,False,1033.8791208791208,6.994541683635533,2023-10-01,0.9001449672049714
2023-10-01,RXK,1,2023-10-01,2983.601629974519,2904.0,0.252,9.0,0.8678888951084063,True,True,False,628.021978021978,5.726290438558015,2023-10-01,0.9746451534635447
2023-10-01,RXK,2,2023-11-01,2952.832425381911,2893.0,0.39075,32.0,0.8982955077821912,True,True,False,628.021978021978,5.726290438558015,2023-10-01,0.9746451534635447
2023-10-01,RXK,3,2023-12-01,3074.7586714985027,2855.0,0.40575,32.0,0.9005684523706039,True,True,False,628.021978021978,5.726290438558015,2023-10-01,0.9746451534635447
2023-10-01,RXL,1,2023-10-01,2677.58302501853,2710.0,0.5835,103.0,0.9432240299232817,True,True,True,716.0,7.910221449825172,2023-10-01,0.9795512509108574
2023-10-01,RXL,2,2023-11-01,2634.971011069879,2466.0,0.63275,121.0,0.9609201116766757,True,True,True,716.0,7.910221449825172,2023-10-01,0.9795512509108574
2023-10-01,RXL,3,2023-12-01,2613.788574792126,2764.0,0.54825,102.0,0.9350580734299582,True,True,True,716.0,7.910221449825172,2023-10-01,0.9795512509108574
2023-10-01,RXN,1,2023-10-01,3230.7692391804794,3517.0,0.8965,166.0,1.0195805932710893,True,True,True,878.934065934066,8.659253790712304,2023-10-01,0.9463804011967236
2023-10-01,RXN,2,2023-11-01,3229.3422638259995,3426.0,0.94575,202.0,1.0538698356994851,True,True,True,878.934065934066,8.659253790712304,2023-10-01,0.9463804011967236
2023-10-01,RXN,3,2023-12-01,3276.1015277859005,3353.0,0.88225,180.0,1.0315042574117481,True,True,True,878.934065934066,8.659253790712304,2023-10-01,0.9463804011967236
2023-10-01,RXP,1,2023-10-01,4217.87022244952,4258.0,0.19575,0.0,0.7924187629495641,True,False,False,908.5494505494505,5.273636731147061,2023-10-01,0.9436371745815628
2023-10-01,RXP,2,2023-11-01,4310.717480559618,4431.0,0.27675,42.0,0.8290908585527992,True,True,False,908.5494505494505,5.273636731147061,2023-10-01,0.9436371745815628
2023-10-01,RXP,3,2023-12-01,4284.515085070357,4548.0,0.23925,27.0,0.802217756766918,True,False,False,908.5494505494505,5.273636731147061,2023-10-01,0.9436371745815628
2023-10-01,RXQ,1,2023-10-01,4510.801239508547,4734.0,0.64175,80.0,0.9509632232827921,True,True,True,612.0,4.016667578404838,2023-10-01,0.9593478260869566
2023-10-01,RXQ,2,2023-11-01,4514.604879469125,4810.0,0.74975,105.0,0.9861272222558695,True,True,True,612.0,4.016667578404838,2023-10-01,0.9593478260869566
2023-10-01,RXQ,3,2023-12-01,4505.308149303186,4905.0,0.576,77.0,0.9412403093980388,True,True,True,612.0,4.016667578404838,2023-10-01,0.9593478260869566
2023-10-01,RXR,1,2023-10-01,3008.240492365771,3553.0,0.01325,0.0,0.6586350216741265,False,False,False,918.3296703296703,6.094395951671641,2023-10-01,0.9494438707073586
2023-10-01,RXR,2,2023-11-01,3242.200477940005,3541.0,0.051,0.0,0.7198922251285047,False,False,False,918.3296703296703,6.094395951671641,2023-10-01,0.9494438707073586
2023-10-01,RXR,3,2023-12-01,3432.949078951667,3966.0,0.082,0.0,0.7531968821416628,False,False,False,918.3296703296703,6.094395951671641,2023-10-01,0.9494438707073586
2023-10-01,RXW,1,2023-10-01,2727.085249324758,2784.0,0.29875,23.0,0.875135927383938,True,True,False,755.1648351648352,7.4193509179797585,2023-10-01,0.9436546292251984
2023-10-01,RXW,2,2023-11-01,2723.8356684789724,2724.0,0.40575,46.0,0.9001818196974236,True,True,False,755.1648351648352,7.4193509179797585,2023-10-01,0.9436546292251984
2023-10-01,RXW,3,2023-12-01,2838.7693504608465,2970.0,0.3925,47.0,0.895565735161515,True,True,False,755.1648351648352,7.4193509179797585,2023-10-01,0.9436546292251984
2023-10-01,RY5,1,2023-10-01,0.0005163811185139908,0.0,0.0025,0.0,5.70150458015087e-05,False,False,False,23.66304347826087,121.77359695073024,2023-10-01,
2023-10-01,RY5,2,2023-11-01,0.0,0.0,0.008,0.0,2.0793440931259637e-10,False,False,False,23.66304347826087,121.77359695073024,2023-10-01,
2023-10-01,RY5,3,2023-12-01,0.0,0.0,0.00975,0.0,2.0060776324093662e-10,False,False,False,23.66304347826087,121.77359695073024,2023-10-01,
2023-10-01,RYJ,1,2023-10-01,3310.8231057036646,3607.0,0.764,138.0,0.9763830965702749,True,True,True,1015.4945054945055,9.410725572628683,2023-10-01,0.8726778194343803
2023-10-01,RYJ,2,2023-11-01,3241.136312966165,3646.0,0.793,148.0,0.9848144081106418,True,True,True,1015.4945054945055,9.410725572628683,2023-10-01,0.8726778194343803
2023-10-01,RYJ,3,2023-12-01,3217.245868768401,3696.0,0.63675,107.0,0.9478206636847957,True,True,True,1015.4945054945055,9.410725572628683,2023-10-01,0.8726778194343803
2023-10-01,RYR,1,2023-10-01,8049.673307616732,8098.0,0.719,328.0,0.9781146350841795,True,True,True,2017.3296703296703,7.639458049123021,2023-10-01,0.9396977024081885
2023-10-01,RYR,2,2023-11-01,7764.558960783836,7968.0,0.7225,360.0,0.9825492572503663,True,True,True,2017.3296703296703,7.639458049123021,2023-10-01,0.9396977024081885
2023-10-01,RYR,3,2023-12-01,7711.749918333135,8013.0,0.5445,267.0,0.9327443299183277,True,True,True,2017.3296703296703,7.639458049123021,2023-10-01,0.9396977024081885
