org_code,ybar,s2,n,log_c,s,mu,tau,s_pool,beds,beds_quarter,as_of,c_bed_days_per_adm
R0A,2.131773421151334,0.03129119258002926,8,2.131600666977198,0.15067173946671816,1.98008197196108,0.917054770329308,0.08758332568615408,2161.032608695652,2023-07-01,2023-12-14,8.42834699662819
R0B,1.8812283992639982,0.003974177128611229,8,1.8813409788945763,0.07292748306818614,1.98008197196108,0.917054770329308,0.08758332568615408,1108.8369565217392,2023-07-01,2023-12-14,6.562298868867726
R0D,2.049948904672367,0.006405497082454158,8,2.0498693365469096,0.08285904533393763,1.98008197196108,0.917054770329308,0.08758332568615408,1075.75,2023-07-01,2023-12-14,7.766886191832516
R1F,1.9103162454823743,0.00269762314691912,8,1.9103956983488686,0.06712723182775011,1.98008197196108,0.917054770329308,0.08758332568615408,258.2391304347826,2023-07-01,2023-12-14,6.7557615133781805
R1H,2.2552309071789103,0.007964256816878599,8,2.2549175531479366,0.08864287566672849,1.98008197196108,0.917054770329308,0.08758332568615408,1754.6521739130435,2023-07-01,2023-12-14,9.534507187636946
R1J,6.1463292576688975,,1,6.108671537312517,0.08758332568615408,1.98008197196108,0.917054770329308,0.08758332568615408,35.81521739130435,2015-07-01,2023-12-14,449.7408541937159
R1K,1.5280463537830162,0.0020914855156803076,8,1.5285611556410998,0.06418988476157701,1.98008197196108,0.917054770329308,0.08758332568615408,995.2934782608696,2023-07-01,2023-12-14,4.611536762782262
RA2,1.7207970304805214,0.005328587800885044,8,1.7210923177638229,0.07861498258728078,1.98008197196108,0.917054770329308,0.08758332568615408,480.0,2023-07-01,2023-12-14,5.590631876746227
RA3,1.9424328882619888,0.004245562687385498,8,1.9424757650121032,0.07410207613622408,1.98008197196108,0.917054770329308,0.08758332568615408,259.1521739130435,2019-10-01,2023-12-14,6.976000546956264
RA4,1.8095525331822708,0.013182138886141958,8,1.8097467410464545,0.10572620211745115,1.98008197196108,0.917054770329308,0.08758332568615408,380.05555555555554,2023-01-01,2023-12-14,6.108900102654033
RA7,1.9297879700588594,0.009028207598498497,8,1.9298452475046812,0.09238300165490758,1.98008197196108,0.917054770329308,0.08758332568615408,963.7173913043479,2023-07-01,2023-12-14,6.888444155171777
RA9,1.7666678505447444,0.007100770965838209,8,1.7669108977335681,0.08548724121382369,1.98008197196108,0.917054770329308,0.08758332568615408,363.44565217391306,2023-07-01,2023-12-14,5.852745677601028
RAE,1.7707758834497824,0.0018395029623900574,8,1.7710142521953873,0.06292844167618136,1.98008197196108,0.917054770329308,0.08758332568615408,610.5652173913044,2023-07-01,2023-12-14,5.876810908009839
RAJ,1.7460655000604306,0.0013707344540886924,8,1.7463320102859792,0.06051182974623346,1.98008197196108,0.917054770329308,0.08758332568615408,1694.9673913043478,2023-07-01,2023-12-14,5.733533516933539
RAL,2.0195705055391975,0.009174549134469693,8,2.019525533927135,0.09288565780976268,1.98008197196108,0.917054770329308,0.08758332568615408,1104.8260869565217,2023-07-01,2023-12-14,7.53474910260701
RAP,2.0353543598430996,0.0054770874519730105,8,2.035291412750353,0.07921373154424383,1.98008197196108,0.917054770329308,0.08758332568615408,416.1847826086956,2023-07-01,2023-12-14,7.654482414268432
RAS,1.856121411912009,0.00591547634553249,8,1.856262584695914,0.08095548168969456,1.98008197196108,0.917054770329308,0.08758332568615408,397.67391304347825,2023-07-01,2023-12-14,6.399773407725191
RAX,1.5864018519849155,0.01428151260126798,8,1.5868501955426004,0.1089845460111677,1.98008197196108,0.917054770329308,0.08758332568615408,390.4891304347826,2023-07-01,2023-12-14,4.888327378277862
RBA,1.8548611690704484,0.011636280235307902,8,1.8550037770849641,0.10096683406857515,1.98008197196108,0.917054770329308,0.08758332568615408,569.5869565217391,2019-10-01,2023-12-14,6.3917223926538504
RBD,1.9383716172977663,0.012515468148397445,8,1.9384191192361502,0.10370045708313828,1.98008197196108,0.917054770329308,0.08758332568615408,331.95652173913044,2023-07-01,2023-12-14,6.947758706106452
RBK,1.5038843614753212,0.0015101199683227478,8,1.5044266802768376,0.061240357705777196,1.98008197196108,0.917054770329308,0.08758332568615408,498.2282608695652,2023-07-01,2023-12-14,4.501572050282166
RBL,2.319724867555098,0.01199992826018309,8,2.319338064421218,0.1021063855069663,1.98008197196108,0.917054770329308,0.08758332568615408,737.8695652173913,2023-07-01,2023-12-14,10.168940894000412
RBN,1.552736644934002,,1,1.5565993179145516,0.08758332568615408,1.98008197196108,0.917054770329308,0.08758332568615408,1194.7608695652175,2023-07-01,2023-12-14,4.742665492839988
RBS,1.6380343161895676,0.002402877237968737,8,1.6384238579903976,0.06571529254620675,1.98008197196108,0.917054770329308,0.08758332568615408,207.0,2023-07-01,2023-12-14,5.147050632933954
RBT,1.8189370434769414,0.008614203784613219,8,1.8191205637688572,0.09094592911339247,1.98008197196108,0.917054770329308,0.08758332568615408,480.4021739130435,2023-07-01,2023-12-14,6.166433079932361
RBZ,1.77785359580977,0.009125271748324748,8,1.7780839040855194,0.09271670340405032,1.98008197196108,0.917054770329308,0.08758332568615408,289.0,2022-01-01,2023-12-14,5.91850512349206
RC1,1.7585128595529256,0.0024581992944165557,8,1.7587651940729827,0.06598260846197114,1.98008197196108,0.917054770329308,0.08758332568615408,384.17391304347825,2019-10-01,2023-12-14,5.805264591678614
RC9,1.9578652760904423,0.001872722575278311,8,1.9578905776283182,0.0630961847138852,1.98008197196108,0.917054770329308,0.08758332568615408,1073.6739130434783,2023-07-01,2023-12-14,7.084367369526955
RCB,1.8819582088676892,0.004887416725927921,8,1.8820699573528334,0.0768086600435152,1.98008197196108,0.917054770329308,0.08758332568615408,1026.7717391304348,2023-07-01,2023-12-14,6.567084387437828
RCD,1.9505625088232037,0.010672856639320693,8,1.9505961271352612,0.0978836750379257,1.98008197196108,0.917054770329308,0.08758332568615408,298.3369565217391,2023-07-01,2023-12-14,7.03287882111334
RCF,1.8194326191139436,0.00958216765155769,8,1.8196155750183454,0.0942716236655315,1.98008197196108,0.917054770329308,0.08758332568615408,339.8804347826087,2023-07-01,2023-12-14,6.1694862893002895
RCU,1.2688331387634448,0.04960159574215487,4,1.270451310815349,0.1601285835907472,1.98008197196108,0.917054770329308,0.08758332568615408,142.0,2023-07-01,2023-12-14,3.5624599763231455
RCX,1.884346748552419,0.010483741785322838,8,1.884455776843361,0.09726699349085374,1.98008197196108,0.917054770329308,0.08758332568615408,524.1195652173913,2023-07-01,2023-12-14,6.5827709706023985
RD1,1.9356201325789084,0.006216798807169392,8,1.9356707680523253,0.08213124054229166,1.98008197196108,0.917054770329308,0.08758332568615408,541.9673913043479,2023-07-01,2023-12-14,6.928690040938663
RD3,2.091284450548205,0.0035638636921287562,8,2.0911578073362587,0.07111476102871844,1.98008197196108,0.917054770329308,0.08758332568615408,512.5652173913044,2019-10-01,2023-12-14,8.094281359473765
RD8,2.0993191757910186,0.004362699363480651,8,2.099183382212779,0.07460334582879115,1.98008197196108,0.917054770329308,0.08758332568615408,546.0,2023-07-01,2023-12-14,8.159503995087407
RDD,1.800630676130749,0.002294408322836648,8,1.8008350446734342,0.06518798970030953,1.98008197196108,0.917054770329308,0.08758332568615408,642.0,2019-10-01,2023-12-14,6.054701300099874
RDE,1.9744307564464074,0.0022135524277702894,8,1.974437192346877,0.06479213107902686,1.98008197196108,0.917054770329308,0.08758332568615408,1198.4891304347825,2023-07-01,2023-12-14,7.2025648542692915
RDR,9.171703488361265,,1,9.106700128406477,0.08758332568615408,1.98008197196108,0.917054770329308,0.08758332568615408,121.7032967032967,2017-04-01,2023-12-14,9015.495773444918
RDU,1.8604036825204935,0.002949432398597624,4,1.8606759642510966,0.075149045188099,1.98008197196108,0.917054770329308,0.08758332568615408,1300.3369565217392,2023-07-01,2023-12-14,6.428080455767344
RDZ,2.0424717404545656,0.018373628612405095,8,2.0424006877156793,0.12033995635087043,1.98008197196108,0.917054770329308,0.08758332568615408,567.304347826087,2019-10-01,2023-12-14,7.709094129303684
RE9,1.8728661104578777,0.007848188663508953,8,1.8729882135013067,0.08822526766365045,1.98008197196108,0.917054770329308,0.08758332568615408,330.0,2019-01-01,2023-12-14,6.507713811425246
REF,2.3099516451371387,0.00827613105229459,7,2.3095223745469804,0.0896326626106551,1.98008197196108,0.917054770329308,0.08758332568615408,683.5,2023-07-01,2023-12-14,10.069614002310365
REM,2.1896316164099656,0.0035354943427345973,8,2.1893929702900916,0.07098771734483363,1.98008197196108,0.917054770329308,0.08758332568615408,1517.391304347826,2023-07-01,2023-12-14,8.929790820787016
REP,1.5383682481751013,0.00781923137309677,8,1.5388712949187686,0.08812077216920441,1.98008197196108,0.917054770329308,0.08758332568615408,24.065217391304348,2023-07-01,2023-12-14,4.659328294415882
RF4,1.5457943017986024,0.05671866467680051,2,1.5477659238968857,0.1322134792143284,1.98008197196108,0.917054770329308,0.08758332568615408,990.2934782608696,2023-07-01,2023-12-14,4.700956148594375
RFF,1.5746223657893275,0.0011946694099563026,8,1.575084124443383,0.05957885654757511,1.98008197196108,0.917054770329308,0.08758332568615408,410.0,2023-07-01,2023-12-14,4.8311480186538995
RFR,1.540045870441692,0.0073180557205543995,8,1.5405470066211795,0.08629218114631272,1.98008197196108,0.917054770329308,0.08758332568615408,437.7282608695652,2023-07-01,2023-12-14,4.667142530739297
RFS,1.6517369189904667,0.0034911443470340775,8,1.6521108555489246,0.0707886522635747,1.98008197196108,0.917054770329308,0.08758332568615408,505.4021739130435,2023-07-01,2023-12-14,5.217982618006787
RGN,2.0672068145164832,0.0035064179181648696,8,2.067107592178621,0.0708572708658635,1.98008197196108,0.917054770329308,0.08758332568615408,940.3586956521739,2023-07-01,2023-12-14,7.9019344151689825
RGP,1.9245914975982008,0.001811664470825057,8,1.9246546930592643,0.06278752557689606,1.98008197196108,0.917054770329308,0.08758332568615408,417.4130434782609,2023-07-01,2023-12-14,6.852781944131311
RGQ,2.1007772444539157,0.004729422573067305,8,2.100639790350649,0.07615135273940783,1.98008197196108,0.917054770329308,0.08758332568615408,649.1978021978022,2018-04-01,2023-12-14,8.17139622097204
RGR,1.859011245886048,0.00550667183696279,8,1.8591491275755354,0.07933247564506737,1.98008197196108,0.917054770329308,0.08758332568615408,419.0978260869565,2023-07-01,2023-12-14,6.418273315629868
RGT,2.3705313082697823,0.003619344733184981,8,2.3700866440978983,0.07136256268666022,1.98008197196108,0.917054770329308,0.08758332568615408,986.4130434782609,2023-07-01,2023-12-14,10.698319190170263
RH5,2.337293081603619,0.0008649383200717072,2,2.335671379294502,0.07943336084172625,1.98008197196108,0.917054770329308,0.08758332568615408,1209.554347826087,2023-07-01,2023-12-14,10.33639724341342
RH8,2.218629350263745,0.0052069901583654925,6,2.2182672607069036,0.07938535167482111,1.98008197196108,0.917054770329308,0.08758332568615408,1138.0652173913043,2023-07-01,2023-12-14,9.191390775904708
RHM,2.2397729903915296,0.011849587989977492,8,2.2394772406465107,0.10163681852683745,1.98008197196108,0.917054770329308,0.08758332568615408,1110.5217391304348,2023-07-01,2023-12-14,9.388422118920525
RHQ,2.5097432348957036,0.003009894478778235,8,2.509140028884167,0.06859142346627958,1.98008197196108,0.917054770329308,0.08758332568615408,1451.8478260869565,2023-07-01,2023-12-14,12.294352724829483
RHU,2.218305160078309,0.0015822044326409771,8,2.218033859023813,0.061613743140393744,1.98008197196108,0.917054770329308,0.08758332568615408,1080.9130434782608,2023-07-01,2023-12-14,9.189245740164884
RHW,1.9029581505649154,0.006649603534697222,8,1.9030459832156195,0.08379118010423743,1.98008197196108,0.917054770329308,0.08758332568615408,566.7282608695652,2023-07-01,2023-12-14,6.7062906119574475
RJ1,2.209981648812091,0.001719706370998959,8,2.209719827008551,0.06231977677488063,1.98008197196108,0.917054770329308,0.08758332568615408,1275.3260869565217,2023-07-01,2023-12-14,9.11316277325362
RJ2,1.9186134221725517,0.01094994889514193,8,1.918683425779286,0.09878028788403505,1.98008197196108,0.917054770329308,0.08758332568615408,887.7826086956521,2023-07-01,2023-12-14,6.811984080230489
RJ6,2.440549251989716,0.007989154646565773,8,2.440024847713122,0.08873220091885685,1.98008197196108,0.917054770329308,0.08758332568615408,468.80434782608694,2023-07-01,2023-12-14,11.473325825161657
RJ7,2.302154209081184,0.006057668995007056,8,2.3017874163342436,0.08151243001588337,1.98008197196108,0.917054770329308,0.08758332568615408,860.5434782608696,2023-07-01,2023-12-14,9.992026413996495
RJ8,5.291933395938114,,1,5.261998356984991,0.08758332568615408,1.98008197196108,0.917054770329308,0.08758332568615408,74.69565217391305,2023-07-01,2023-12-14,192.8665226167414
RJC,1.775045101244014,0.0022079745732290533,8,1.7752786079805987,0.06476473350491631,1.98008197196108,0.917054770329308,0.08758332568615408,434.0978260869565,2023-07-01,2023-12-14,5.90192523074965
RJE,1.9039702548987474,0.002870906042472368,8,1.9040569349119807,0.06794362506071039,1.98008197196108,0.917054770329308,0.08758332568615408,1345.0,2023-07-01,2023-12-14,6.71307377597577
RJF,1.8157478358720727,0.04610297863908527,8,1.81593498820079,0.17924188994626145,1.98008197196108,0.917054770329308,0.08758332568615408,344.4175824175824,2018-04-01,2023-12-14,6.146820696321198
RJL,1.4922252181892732,0.005029429068475718,8,1.4927808150343462,0.07739471395639708,1.98008197196108,0.917054770329308,0.08758332568615408,597.0652173913044,2023-07-01,2023-12-14,4.449451432724774
RJN,2.363510473774518,0.004462758842768784,8,2.3630738052969957,0.07502888392441046,1.98008197196108,0.917054770329308,0.08758332568615408,320.82608695652175,2023-07-01,2023-12-14,10.62355605954407
RJR,2.119541411875688,0.009984810651063356,8,2.1193825881549277,0.09562095163643472,1.98008197196108,0.917054770329308,0.08758332568615408,455.04347826086956,2023-07-01,2023-12-14,8.32599533229704
RJZ,2.3463246865268528,0.0022807257303011355,8,2.345907590124742,0.06512117088034337,1.98008197196108,0.917054770329308,0.08758332568615408,1330.9021739130435,2023-07-01,2023-12-14,10.442746161192302
RK5,1.6805607729617495,0.003851750115193152,8,1.6809018834043332,0.07239136472820988,1.98008197196108,0.917054770329308,0.08758332568615408,649.3369565217391,2023-07-01,2023-12-14,5.3703972598181595
RK9,2.1907220983620763,0.0040632288255605265,8,2.190482210344191,0.07331498515553,1.98008197196108,0.917054770329308,0.08758332568615408,1053.195652173913,2023-07-01,2023-12-14,8.939522805895537
RKB,2.288451851924557,0.0063705992763716576,8,2.2881006641402357,0.08272492791699343,1.98008197196108,0.917054770329308,0.08758332568615408,1071.945652173913,2023-07-01,2023-12-14,9.85619965845472
RKE,1.944079080066507,0.011705118898550063,8,1.9441200820470996,0.10118353622943992,1.98008197196108,0.917054770329308,0.08758332568615408,249.7608695652174,2023-07-01,2023-12-14,6.987480739443146
RL4,1.4480138956527806,0.0014188801009004815,8,1.4486198426695545,0.060764460650263113,1.98008197196108,0.917054770329308,0.08758332568615408,866.1195652173913,2023-07-01,2023-12-14,4.257234804816173
RLN,1.848544230107637,0.0017679731041591836,8,1.8486940321833831,0.06256572361205602,1.98008197196108,0.917054770329308,0.08758332568615408,727.0,2019-01-01,2023-12-14,6.351519224126876
RLQ,1.6900260080889218,0.0060587616913863945,7,1.690403467749252,0.0818754700147157,1.98008197196108,0.917054770329308,0.08758332568615408,286.1521739130435,2023-07-01,2023-12-14,5.421667731981153
RLT,2.0489458911242378,0.07268128465373845,8,2.048867465283188,0.22145230316115003,1.98008197196108,0.917054770329308,0.08758332568615408,365.0,2023-07-01,2023-12-14,7.759108668437474
RM1,2.4944678632067045,0.0018786729165600534,8,2.493882053589196,0.06312618399891105,1.98008197196108,0.917054770329308,0.08758332568615408,946.1086956521739,2023-07-01,2023-12-14,12.10818964218422
RM2,2.091457729240542,0.0030669691570715065,8,2.0913308886897375,0.06885567240942085,1.98008197196108,0.917054770329308,0.08758332568615408,730.1304347826087,2017-07-01,2023-12-14,8.095682449894717
RM3,1.7930301213927318,0.006281916075400601,5,1.7933707277770468,0.083524711952953,1.98008197196108,0.917054770329308,0.08758332568615408,1551.75,2023-07-01,2023-12-14,6.009675343941047
RMC,2.043250912839748,0.0027292918447648236,8,2.043178972738504,0.06727717339912923,1.98008197196108,0.917054770329308,0.08758332568615408,596.9130434782609,2023-07-01,2023-12-14,7.7150963372153525
RMP,1.7581892146226963,0.006208878289478791,8,1.7584419177265656,0.08210055020264054,1.98008197196108,0.917054770329308,0.08758332568615408,433.0652173913044,2023-07-01,2023-12-14,5.803388190265869
RN3,2.097053244320379,0.002306076253919206,8,2.09692003130368,0.06524491588024464,1.98008197196108,0.917054770329308,0.08758332568615408,577.4347826086956,2023-07-01,2023-12-14,8.141057058123035
RN5,1.7495437008014616,0.00383842071045786,8,1.749806249869676,0.07233275425935885,1.98008197196108,0.917054770329308,0.08758332568615408,763.25,2023-07-01,2023-12-14,5.7534878289916564
RN7,1.77734378886117,0.003801615031291901,8,1.7775746777317971,0.07217066954734391,1.98008197196108,0.917054770329308,0.08758332568615408,527.2282608695652,2023-07-01,2023-12-14,5.915492031946458
RNA,1.7681296261246942,0.013182686779633012,8,1.76837100856686,0.1057278509839032,1.98008197196108,0.917054770329308,0.08758332568615408,623.0652173913044,2023-07-01,2023-12-14,5.861297576810403
RNL,1.9431413786247007,0.0014615262305869136,8,1.9431834485088504,0.06098736036492699,1.98008197196108,0.917054770329308,0.08758332568615408,535.4239130434783,2019-07-01,2023-12-14,6.980939094674895
RNN,2.032013965908368,0.0022662982775405426,8,2.0319548230313407,0.0650506402007289,1.98008197196108,0.917054770329308,0.08758332568615408,630.6847826086956,2023-07-01,2023-12-14,7.628985107620998
RNQ,2.0904238668857547,0.00744289240773028,8,2.090298203751596,0.08675126543855646,1.98008197196108,0.917054770329308,0.08758332568615408,532.0,2023-07-01,2023-12-14,8.087326475851595
RNS,2.3015843084509955,0.0062598308282982565,8,2.3012181647367673,0.08229778056825963,1.98008197196108,0.917054770329308,0.08758332568615408,681.3478260869565,2023-07-01,2023-12-14,9.986340055636147
RNZ,2.3466988926015317,0.0057940707296914,8,2.346281370033927,0.08047690287553856,1.98008197196108,0.917054770329308,0.08758332568615408,431.1630434782609,2023-07-01,2023-12-14,10.44665017948042
RP5,1.7241273926772465,0.00656223635136915,8,1.7244188871694979,0.08345875966475451,1.98008197196108,0.917054770329308,0.08758332568615408,699.2173913043479,2023-07-01,2023-12-14,5.609260469179869
RP6,3.061386243775428,,1,3.051612591110155,0.08758332568615408,1.98008197196108,0.917054770329308,0.08758332568615408,7.065217391304348,2023-07-01,2023-12-14,21.149422308707585
RPA,1.7942312061477264,0.01569694358907827,8,1.7944428627422941,0.11304140869471266,1.98008197196108,0.917054770329308,0.08758332568615408,484.7608695652174,2023-07-01,2023-12-14,6.016121982222706
RPC,5.394763264816289,,1,5.363898771085054,0.08758332568615408,1.98008197196108,0.917054770329308,0.08758332568615408,57.42391304347826,2023-07-01,2023-12-14,213.55593117683821
RQ3,1.9212866073782517,0.01838304382319922,8,1.921353566621543,0.1203648478265456,1.98008197196108,0.917054770329308,0.08758332568615408,216.80434782608697,2023-07-01,2023-12-14,6.830197342306203
RQ6,2.137507109484819,0.0014097031275142195,8,2.1373278254858437,0.06071638811690366,1.98008197196108,0.917054770329308,0.08758332568615408,751.7391304347826,2019-07-01,2023-12-14,8.476755966446271
RQ8,1.932413481666161,0.003448120813200205,8,1.9324677690417327,0.07059500461685347,1.98008197196108,0.917054770329308,0.08758332568615408,525.4673913043479,2019-10-01,2023-12-14,6.90653295709448
RQM,2.1415217658342236,0.003611692854575449,8,2.141337909734146,0.0713284373578346,1.98008197196108,0.917054770329308,0.08758332568615408,748.1630434782609,2023-07-01,2023-12-14,8.510816719625325
RQQ,1.7574184784897195,0.01324101088600344,7,1.75770823804333,0.10494256575337216,1.98008197196108,0.917054770329308,0.08758332568615408,186.57777777777778,2017-01-01,2023-12-14,5.799131923815776
RQW,1.8334709167415586,0.017971158758464327,7,1.8336617066786627,0.11769040245651881,1.98008197196108,0.917054770329308,0.08758332568615408,418.0,2023-07-01,2023-12-14,6.256755166268108
RQX,1.5219284821985575,0.0015430691383994768,8,1.5224502514095057,0.06141131056749021,1.98008197196108,0.917054770329308,0.08758332568615408,287.3152173913044,2023-07-01,2023-12-14,4.583442032795363
RR1,1.7322790468379057,0.0011223517615893935,8,1.7325612577990819,0.059191383036963245,1.98008197196108,0.917054770329308,0.08758332568615408,1463.0,2018-01-01,2023-12-14,5.655119594510896
RR7,2.055591144689226,0.003431054101345147,8,2.0555051508850664,0.07051804054308873,1.98008197196108,0.917054770329308,0.08758332568615408,439.5652173913044,2023-07-01,2023-12-14,7.8107824999289335
RR8,2.599940871400909,0.00602883393601482,8,2.5992349435926814,0.08139979523376718,1.98008197196108,0.917054770329308,0.08758332568615408,1696.891304347826,2023-07-01,2023-12-14,13.45344145518596
RRF,1.8654853022506828,0.0072399805693381175,8,1.8656158109454066,0.08600381584470781,1.98008197196108,0.917054770329308,0.08758332568615408,686.3152173913044,2023-07-01,2023-12-14,6.4599127463440515
RRK,2.0592798503946006,0.0014864792919606338,8,2.0591896556990186,0.06111740623714044,1.98008197196108,0.917054770329308,0.08758332568615408,2640.0,2023-07-01,2023-12-14,7.839614448760269
RRV,2.4981416087385537,0.0030961448421120237,8,2.4975516152670525,0.06899036141360085,1.98008197196108,0.917054770329308,0.08758332568615408,708.054347826087,2023-07-01,2023-12-14,12.152703013213404
RTD,2.4244780861159136,0.0036810405352916613,8,2.423971984525481,0.07163711550714817,1.98008197196108,0.917054770329308,0.08758332568615408,1413.7282608695652,2023-07-01,2023-12-14,11.290616522681425
RTE,2.253685610918332,0.005785315088366681,8,2.2533740167517453,0.0804422782166615,1.98008197196108,0.917054770329308,0.08758332568615408,855.195652173913,2023-07-01,2023-12-14,9.519801680935151
RTF,1.454037778655663,0.000993037165659985,8,1.454636865358696,0.05849212527621105,1.98008197196108,0.917054770329308,0.08758332568615408,812.4891304347826,2023-07-01,2023-12-14,4.282927903691965
RTG,2.237598024092499,0.008356271842766301,8,2.2373047513131152,0.09003901106659362,1.98008197196108,0.917054770329308,0.08758332568615408,1419.9891304347825,2023-07-01,2023-12-14,9.368048011288833
RTH,2.040521448101135,0.0011368499221366994,8,2.0404526164574164,0.05926926630214826,1.98008197196108,0.917054770329308,0.08758332568615408,985.7065217391304,2023-07-01,2023-12-14,7.694090883044306
RTK,1.6655981226402248,0.03903098527986471,8,1.6659562733333497,0.1662146073637772,1.98008197196108,0.917054770329308,0.08758332568615408,396.0326086956522,2023-07-01,2023-12-14,5.2907302156737686
RTP,1.9883970447013692,0.03912454205563746,5,1.9883819036222898,0.15296303637461633,1.98008197196108,0.917054770329308,0.08758332568615408,745.0652173913044,2023-07-01,2023-12-14,7.303706095360916
RTR,2.2840372163987928,0.00228357708371029,8,2.2836910562328274,0.06513510109342649,1.98008197196108,0.917054770329308,0.08758332568615408,913.1413043478261,2023-07-01,2023-12-14,9.812833366944925
RTX,1.9141915483133842,0.008242344454784068,8,1.9142665877818679,0.08963550784679242,1.98008197196108,0.917054770329308,0.08758332568615408,633.8804347826087,2023-07-01,2023-12-14,6.781962998040791
RVJ,2.198333655892196,0.0037836542442361014,8,2.198085099433591,0.07209144159433305,1.98008197196108,0.917054770329308,0.08758332568615408,919.1521739130435,2023-07-01,2023-12-14,9.007748032074634
RVR,2.190311100441143,0.004385288885932775,8,2.1900716804892353,0.0746996275727099,1.98008197196108,0.917054770329308,0.08758332568615408,697.695652173913,2023-07-01,2023-12-14,8.935853618101756
RVV,1.8903589815288948,0.029971189090353616,8,1.8904611627737566,0.14785794146147144,1.98008197196108,0.917054770329308,0.08758332568615408,1085.1195652173913,2023-07-01,2023-12-14,6.62242199144698
RVW,1.9649634998716239,0.0013558954289251814,8,1.9649807175801628,0.060433753178368806,1.98008197196108,0.917054770329308,0.08758332568615408,507.9130434782609,2023-07-01,2023-12-14,7.13477501310479
RVY,1.7635374289321675,0.008355117510543008,7,1.7638192256881,0.08989664110312787,1.98008197196108,0.917054770329308,0.08758332568615408,445.13186813186815,2023-04-01,2023-12-14,5.834678850143937
RW1,6.290571491075374,,1,6.251609999407139,0.08758332568615408,1.98008197196108,0.917054770329308,0.08758332568615408,91.18478260869566,2023-07-01,2023-12-14,518.847496739422
RW3,2.0666798571043303,0.0014376618250120051,8,2.0665812348931927,0.06086272820347575,1.98008197196108,0.917054770329308,0.08758332568615408,1090.4891304347825,2017-07-01,2023-12-14,7.897776268851889
RW6,1.5123382259431175,0.0012788975658486483,8,1.512870917040619,0.06002699295387359,1.98008197196108,0.917054770329308,0.08758332568615408,1121.5869565217392,2019-10-01,2023-12-14,4.539745335785388
RWA,2.308070676551294,0.004834984905325717,8,2.307697145821052,0.07659115192801781,1.98008197196108,0.917054770329308,0.08758332568615408,1140.358695652174,2023-07-01,2023-12-14,10.051251416631617
RWD,1.8731498720157655,0.0013979200422264645,8,1.8732716518966575,0.0606546078955357,1.98008197196108,0.917054770329308,0.08758332568615408,965.1195652173913,2023-07-01,2023-12-14,6.509558608816214
RWE,2.267313705231392,0.003937462305781611,8,2.266986590676605,0.07276712038067931,1.98008197196108,0.917054770329308,0.08758332568615408,1679.5652173913043,2023-07-01,2023-12-14,9.650276720860619
RWF,1.3482354519084552,0.013452397773330566,8,1.3489550318474384,0.10653643856630024,1.98008197196108,0.917054770329308,0.08758332568615408,677.9239130434783,2023-07-01,2023-12-14,3.853396749207298
RWG,1.7364061450209012,0.0047613161589052195,8,1.7366836558263206,0.07628449673624522,1.98008197196108,0.917054770329308,0.08758332568615408,663.0434782608696,2023-07-01,2023-12-14,5.678480366488204
RWH,1.7631840676972212,0.001960636539439875,8,1.7634310824005748,0.06353797113041709,1.98008197196108,0.917054770329308,0.08758332568615408,578.945652173913,2023-07-01,2023-12-14,5.832414598168917
RWJ,1.8773143722883672,0.004459419326591344,8,1.8774314094180418,0.07501472039729461,1.98008197196108,0.917054770329308,0.08758332568615408,637.1521739130435,2023-07-01,2023-12-14,6.536693191715668
RWP,1.8247456773975872,0.002517098906553839,8,1.8249225825127005,0.06626602591679899,1.98008197196108,0.917054770329308,0.08758332568615408,769.3369565217391,2023-07-01,2023-12-14,6.202314832887897
RWW,1.9957327895093862,0.008198279855463144,8,1.9957149655379325,0.08947895371702563,1.98008197196108,0.917054770329308,0.08758332568615408,541.9347826086956,2023-07-01,2023-12-14,7.357461479265379
RWX,3.2105525874287864,0.020972590113077037,4,3.207753126722907,0.11563558899294607,1.98008197196108,0.917054770329308,0.08758332568615408,44.130434782608695,2023-07-01,2023-12-14,24.723473258958613
RWY,1.7879307252661458,0.0022120207803285343,8,1.7881495571786183,0.06478460901345423,1.98008197196108,0.917054770329308,0.08758332568615408,641.304347826087,2023-07-01,2023-12-14,5.9783795750983755
RX1,2.4067044912203333,0.004510922745694883,8,2.4062186311314755,0.07523285970472061,1.98008197196108,0.917054770329308,0.08758332568615408,1635.7717391304348,2023-07-01,2023-12-14,11.091939031635714
RXC,1.7797863647167034,0.013102250843125494,8,1.7800144718539042,0.1054855059646784,1.98008197196108,0.917054770329308,0.08758332568615408,714.0869565217391,2023-07-01,2023-12-14,5.92994223522787
RXF,1.9525775454706313,0.003047915751838155,8,1.9526088689533247,0.06876757032725583,1.98008197196108,0.917054770329308,0.08758332568615408,1038.7608695652175,2023-07-01,2023-12-14,7.047048445532194
RXH,1.899196231345083,0.00412117967110765,8,1.8992883482665976,0.07356605779269608,1.98008197196108,0.917054770329308,0.08758332568615408,858.0,2019-10-01,2023-12-14,6.6811381065381
RXK,1.7612836816670923,0.002359529729971617,8,1.7615328606296767,0.06550507535006114,1.98008197196108,0.917054770329308,0.08758332568615408,599.4347826086956,2023-07-01,2023-12-14,5.8213538829681735
RXL,2.100495518362122,0.010326404788411495,8,2.100358385103297,0.096750940456725,1.98008197196108,0.917054770329308,0.08758332568615408,716.0,2023-07-01,2023-12-14,8.169097070708915
RXN,2.1537007424243515,0.00347132078429388,8,2.1535030162673,0.0706994928894279,1.98008197196108,0.917054770329308,0.08758332568615408,866.8260869565217,2023-07-01,2023-12-14,8.614984030280814
RXP,1.701392030392614,0.03766675219203434,8,1.7017094171072427,0.16358223428134022,1.98008197196108,0.917054770329308,0.08758332568615408,910.5434782608696,2023-07-01,2023-12-14,5.48331265333144
RXQ,1.3879219855080316,0.008543179277968858,8,1.3885963683421487,0.0906971036416217,1.98008197196108,0.917054770329308,0.08758332568615408,550.0,2023-07-01,2023-12-14,4.0092186355008055
RXR,1.8667723445853097,0.020262772881912645,8,1.866901387528755,0.12523532972563595,1.98008197196108,0.917054770329308,0.08758332568615408,903.2826086956521,2023-07-01,2023-12-14,6.4682227993615005
RXW,2.0294657518116326,0.004659526308080962,8,2.029409510974398,0.0758587442730683,1.98008197196108,0.917054770329308,0.08758332568615408,765.9891304347826,2023-07-01,2023-12-14,7.609591651513387
RY5,4.833391731529245,,1,4.807601341845812,0.08758332568615408,1.98008197196108,0.917054770329308,0.08758332568615408,23.66304347826087,2019-10-01,2023-12-14,122.43757911192068
RYJ,2.2380386477181737,0.003162903880864335,8,2.237744873133507,0.06929756844680646,1.98008197196108,0.917054770329308,0.08758332568615408,1010.1413043478261,2023-07-01,2023-12-14,9.372172001095459
RYR,2.0441937982617593,0.006995588089583513,8,2.0441207843531704,0.08509485209302528,1.98008197196108,0.917054770329308,0.08758332568615408,1995.4021739130435,2023-07-01,2023-12-14,7.722365927308854
R0A,2.281607230010119,0.00674333891963811,8,2.2814272273291283,0.08040330518135728,1.9790896246094756,1.1202252422937868,0.07731143816972436,2040.2307692307693,2026-04-01,2026-09-10,9.790643917177121
R0B,1.8653781196847192,0.001774321253558522,8,1.8654457797989754,0.05746815929664807,1.9790896246094756,1.1202252422937868,0.07731143816972436,1096.2087912087911,2026-04-01,2026-09-10,6.4588144533486
R0D,1.9524612301143487,0.001198338641414014,8,1.9524770744232882,0.05418537573366465,1.9790896246094756,1.1202252422937868,0.07731143816972436,1058.978021978022,2026-04-01,2026-09-10,7.046119744294386
R1F,1.8460813665630265,0.014885158500668393,8,1.8461605085455586,0.10791593672524723,1.9790896246094756,1.1202252422937868,0.07731143816972436,279.4835164835165,2026-04-01,2026-09-10,6.335447867214259
R1H,2.532092738143475,0.0019703113201918576,8,2.5317636926887466,0.058543234318227236,1.9790896246094756,1.1202252422937868,0.07731143816972436,1996.8021978021977,2026-04-01,2026-09-10,12.575666199685893
R1J,6.1463292576688975,,1,6.126574957243722,0.07731143816972436,1.9790896246094756,1.1202252422937868,0.07731143816972436,35.81521739130435,2015-07-01,2026-09-10,457.86526391578826
R1K,1.5335885589023772,0.0017145050941311164,8,1.5338536389664128,0.05713601757401707,1.9790896246094756,1.1202252422937868,0.07731143816972436,1023.2087912087912,2026-04-01,2026-09-10,4.636007943741381
RA2,1.7269754126767904,0.003124207818236136,8,1.7271254245546237,0.06451052670627935,1.9790896246094756,1.1202252422937868,0.07731143816972436,476.0,2026-04-01,2026-09-10,5.624462705773317
RA3,1.9424328882619888,0.004245562687385498,8,1.9424546995903251,0.06982261466106479,1.9790896246094756,1.1202252422937868,0.07731143816972436,259.1521739130435,2019-10-01,2026-09-10,6.975853596110214
RA4,1.8095525331822708,0.013182138886141958,8,1.8096534103888844,0.1027721248422398,1.9790896246094756,1.1202252422937868,0.07731143816972436,380.05555555555554,2023-01-01,2026-09-10,6.108329981595723
RA7,1.733778372255147,0.0008804655549913856,8,1.7339243362662085,0.052285486229166664,1.9790896246094756,1.1202252422937868,0.07731143816972436,994.0879120879121,2026-04-01,2026-09-10,5.662833222204791
RA9,1.6572478504826278,0.01263432703204132,8,1.6574393513446055,0.10106187263785653,1.9790896246094756,1.1202252422937868,0.07731143816972436,416.3736263736264,2026-04-01,2026-09-10,5.245860824941172
RAE,1.880928794452815,0.0009412025075000338,8,1.8809872016736875,0.05265380193471717,1.9790896246094756,1.1202252422937868,0.07731143816972436,613.7362637362637,2026-04-01,2026-09-10,6.559977687625991
RAJ,1.7390320577384544,0.0015439333013893585,8,1.7391748957249302,0.056178099095004784,1.9790896246094756,1.1202252422937868,0.07731143816972436,1705.8131868131868,2026-04-01,2026-09-10,5.6926444590914596
RAL,1.941273882307198,0.018947059876261843,6,1.941303877631181,0.11481556866402631,1.9790896246094756,1.1202252422937868,0.07731143816972436,1416.6813186813188,2026-04-01,2026-09-10,6.967830248216012
RAN,8.113626280591154,,1,8.08454624422604,0.07731143816972436,1.9790896246094756,1.1202252422937868,0.07731143816972436,177.0,2026-04-01,2026-09-10,3243.9475416701016
RAP,2.090887885890946,0.004141107865733918,8,2.0908213641864184,0.06934498012088276,1.9790896246094756,1.1202252422937868,0.07731143816972436,470.05434782608694,2024-10-01,2026-09-10,8.091558552018133
RAS,1.7676905134203251,0.01266028169883256,8,1.767816299179877,0.10114355494647306,1.9790896246094756,1.1202252422937868,0.07731143816972436,397.989010989011,2026-04-01,2026-09-10,5.858047161625899
RAX,1.4078759191118349,0.012996971303079209,8,1.4082158001520542,0.10219723933695296,1.9790896246094756,1.1202252422937868,0.07731143816972436,381.35164835164835,2026-04-01,2026-09-10,4.088653916655352
RBA,1.8548611690704484,0.011636280235307902,8,1.8549350869339154,0.09786920563813716,1.9790896246094756,1.1202252422937868,0.07731143816972436,569.5869565217391,2019-10-01,2026-09-10,6.391283359356041
RBD,1.6093334887072521,0.005445206268681038,8,1.6095534993598124,0.0750906590052389,1.9790896246094756,1.1202252422937868,0.07731143816972436,327.04395604395603,2026-04-01,2026-09-10,5.000577968030691
RBK,1.2399363000248278,0.009249516704206399,8,1.2403761077507691,0.08977489566938027,1.9790896246094756,1.1202252422937868,0.07731143816972436,467.15384615384613,2026-04-01,2026-09-10,3.4569133922115056
RBL,2.3112663051544384,0.001810535779718872,8,2.3110686548623787,0.057668318342929896,1.9790896246094756,1.1202252422937868,0.07731143816972436,788.9230769230769,2026-04-01,2026-09-10,10.085196492569985
RBN,1.5407060004273558,0.001673710858392733,8,1.5409668455029695,0.056908387220349466,1.9790896246094756,1.1202252422937868,0.07731143816972436,1178.4065934065934,2026-04-01,2026-09-10,4.669102390024335
RBS,1.6572783945974883,0.011127869697992825,8,1.6574698772852425,0.09620211761675813,1.9790896246094756,1.1202252422937868,0.07731143816972436,198.0,2026-04-01,2026-09-10,5.246020962221461
RBT,1.836706781080432,0.007761712888819705,8,1.8367915010871516,0.08433710717289836,1.9790896246094756,1.1202252422937868,0.07731143816972436,494.15384615384613,2026-04-01,2026-09-10,6.276368199974254
RBZ,1.77785359580977,0.009125271748324748,8,1.7779733343772095,0.08933345913219427,1.9790896246094756,1.1202252422937868,0.07731143816972436,289.0,2022-01-01,2026-09-10,5.917850752284408
RC1,1.7585128595529256,0.0024581992944165557,8,1.7586441061592903,0.06113742266283865,1.9790896246094756,1.1202252422937868,0.07731143816972436,384.17391304347825,2019-10-01,2026-09-10,5.804561686858273
RC9,1.8403718132780251,0.0025973630969159584,8,1.8404543525335761,0.06185744282835565,1.9790896246094756,1.1202252422937868,0.07731143816972436,1091.6923076923076,2026-04-01,2026-09-10,6.299399759153549
RCB,1.652474428334229,0.0026897071658609764,8,1.6526687694566373,0.062330631641061944,1.9790896246094756,1.1202252422937868,0.07731143816972436,853.7362637362637,2026-04-01,2026-09-10,5.220894615325944
RCD,1.9665126048637318,0.004173496592385129,8,1.966520088386121,0.06949343332887344,1.9790896246094756,1.1202252422937868,0.07731143816972436,292.0659340659341,2026-04-01,2026-09-10,7.145766535310724
RCF,1.894332073887686,0.003265684837423337,8,1.8943825059488018,0.06520459252470977,1.9790896246094756,1.1202252422937868,0.07731143816972436,358.5164835164835,2026-04-01,2026-09-10,6.648441763611391
RCU,0.9898635177121377,0.003468204362949774,7,0.9905361518754765,0.06687111488915307,1.9790896246094756,1.1202252422937868,0.07731143816972436,133.0,2026-04-01,2026-09-10,2.692677769637659
RCX,2.037762098609309,0.007050369071110539,8,2.0377271875746064,0.0816092783190168,1.9790896246094756,1.1202252422937868,0.07731143816972436,465.13186813186815,2026-04-01,2026-09-10,7.673149735291657
RD1,1.7460442366930478,0.005271862243968375,8,1.7461829023239683,0.07435252003754148,1.9790896246094756,1.1202252422937868,0.07731143816972436,512.4175824175824,2026-04-01,2026-09-10,5.732678665169894
RD3,2.091284450548205,0.0035638636921287562,8,2.091217692881538,0.06664374739298895,1.9790896246094756,1.1202252422937868,0.07731143816972436,512.5652173913044,2019-10-01,2026-09-10,8.094766104441083
RD8,1.867776321826105,0.0024344855855887707,8,1.8678425549727822,0.06101388291096755,1.9790896246094756,1.1202252422937868,0.07731143816972436,542.0,2026-04-01,2026-09-10,6.4743133457433775
RDD,1.800630676130749,0.002294408322836648,8,1.800736861981091,0.06027896674277399,1.9790896246094756,1.1202252422937868,0.07731143816972436,642.0,2019-10-01,2026-09-10,6.054106862407121
RDE,1.9713858056868094,0.0008872765614902812,3,1.971398017288907,0.06542525889703585,1.9790896246094756,1.1202252422937868,0.07731143816972436,1228.2417582417581,2026-04-01,2026-09-10,7.180708228689819
RDR,9.171703488361265,,1,9.137607763704672,0.07731143816972436,1.9790896246094756,1.1202252422937868,0.07731143816972436,121.7032967032967,2017-04-01,2026-09-10,9298.49430833957
RDU,1.73887754264851,0.001607378554481281,6,1.7390680780918029,0.059577332247807556,1.9790896246094756,1.1202252422937868,0.07731143816972436,1293.6153846153845,2026-04-01,2026-09-10,5.692036416759503
RDZ,2.0424717404545656,0.018373628612405095,8,2.042434027109705,0.11775306758186044,1.9790896246094756,1.1202252422937868,0.07731143816972436,567.304347826087,2019-10-01,2026-09-10,7.709351150114875
RE9,1.8728661104578777,0.007848188663508953,8,1.8729293151011452,0.08466272901774166,1.9790896246094756,1.1202252422937868,0.07731143816972436,330.0,2019-01-01,2026-09-10,6.507330528780522
REF,2.0625416221098365,0.004235564757564552,8,2.062491966873196,0.06977703919722142,1.9790896246094756,1.1202252422937868,0.07731143816972436,664.9230769230769,2026-04-01,2026-09-10,7.86554608876199
REM,2.2218389455633734,0.005670094811690952,8,2.221694505941347,0.07603760885803403,1.9790896246094756,1.1202252422937868,0.07731143816972436,1508.0549450549452,2026-04-01,2026-09-10,9.222945968944522
REP,1.3534752877215452,0.005655831123488481,8,1.3538475379836645,0.0759778985518479,1.9790896246094756,1.1202252422937868,0.07731143816972436,22.285714285714285,2026-04-01,2026-09-10,3.872295710391807
RF4,1.973689678538983,0.0005729631077671356,2,1.9737025078457127,0.06997313340883282,1.9790896246094756,1.1202252422937868,0.07731143816972436,880.7912087912088,2026-04-01,2026-09-10,7.197275184859224
RFF,1.430728977765938,0.0059726775833123125,8,1.43105526088077,0.07729340614630288,1.9790896246094756,1.1202252422937868,0.07731143816972436,458.38461538461536,2026-04-01,2026-09-10,4.1831111371801875
RFR,1.8677108006567236,0.0124316287650796,8,1.8677770727895158,0.10042167243589388,1.9790896246094756,1.1202252422937868,0.07731143816972436,464.31868131868134,2026-04-01,2026-09-10,6.473889407450701
RFS,1.7889389581374306,0.030330767819752354,8,1.789052100741848,0.14654307732346794,1.9790896246094756,1.1202252422937868,0.07731143816972436,530.010989010989,2026-04-01,2026-09-10,5.983777758783954
RGN,1.9596586670153702,0.0015354183478744697,8,1.9596702287373946,0.05612985133728733,1.9790896246094756,1.1202252422937868,0.07731143816972436,971.2417582417582,2026-04-01,2026-09-10,7.096986297086941
RGP,1.88298674984504,0.0034667313176183776,8,1.883043932550442,0.06617837679732302,1.9790896246094756,1.1202252422937868,0.07731143816972436,430.0,2026-04-01,2026-09-10,6.5734836806223385
RGQ,2.1007772444539157,0.004729422573067305,8,2.1007048384272107,0.07199380775073998,1.9790896246094756,1.1202252422937868,0.07731143816972436,649.1978021978022,2018-04-01,2026-09-10,8.171927771867031
RGR,1.8810956030287094,0.00724462591238872,8,1.8811539109958846,0.08236317318835551,1.9790896246094756,1.1202252422937868,0.07731143816972436,494.14285714285717,2026-04-01,2026-09-10,6.561071388222432
RGT,2.3277089408613825,0.001024254948276318,8,2.3275015069453056,0.053153310446308964,1.9790896246094756,1.1202252422937868,0.07731143816972436,1076.2527472527472,2026-04-01,2026-09-10,10.252294220664384
RH5,2.3313622608119102,0.004799165149224173,8,2.3311526531136337,0.07230138306991823,1.9790896246094756,1.1202252422937868,0.07731143816972436,1128.098901098901,2026-04-01,2026-09-10,10.28979526466117
RH8,2.1575023109819287,0.00948021025276094,8,2.1573961526582592,0.09058883417889818,1.9790896246094756,1.1202252422937868,0.07731143816972436,1100.7692307692307,2026-04-01,2026-09-10,8.648588709472236
RHM,2.1542800377650484,0.0016875341201122993,8,2.1541757967440667,0.05698562237192382,1.9790896246094756,1.1202252422937868,0.07731143816972436,1234.4065934065934,2026-04-01,2026-09-10,8.620781973496848
RHQ,2.4802526475818927,0.0035532923569142052,8,2.479954447787441,0.06659325681525248,1.9790896246094756,1.1202252422937868,0.07731143816972436,1346.4615384615386,2026-04-01,2026-09-10,11.940720479223017
RHU,2.2980529045311866,0.0013437585731323862,8,2.297863116418037,0.055032671204898534,1.9790896246094756,1.1202252422937868,0.07731143816972436,1094.9120879120878,2026-04-01,2026-09-10,9.952891544283775
RHW,2.0452029490079737,0.004254989096062708,8,2.0451636105515387,0.0698655576218441,1.9790896246094756,1.1202252422937868,0.07731143816972436,627.1098901098901,2026-04-01,2026-09-10,7.730423213255492
RJ1,2.691362398559439,0.0006130354885961639,8,2.690938585179263,0.05063190003047629,1.9790896246094756,1.1202252422937868,0.07731143816972436,1192.076923076923,2026-04-01,2026-09-10,14.745509344034847
RJ2,1.8673720130453468,0.006338203587741539,8,1.8674384867620377,0.07878374255556399,1.9790896246094756,1.1202252422937868,0.07731143816972436,964.4725274725274,2026-04-01,2026-09-10,6.471697809996976
RJ6,2.37187614192144,0.004417264724959459,8,2.3716424278336943,0.07060072557069899,1.9790896246094756,1.1202252422937868,0.07731143816972436,397.9230769230769,2026-04-01,2026-09-10,10.714976415326825
RJ7,2.346269337618608,0.021373080854322074,8,2.3460508599777463,0.12559668491128076,1.9790896246094756,1.1202252422937868,0.07731143816972436,826.0,2026-04-01,2026-09-10,10.444242399080109
RJ8,4.823227654350848,,1,4.8097453586257695,0.07731143816972436,1.9790896246094756,1.1202252422937868,0.07731143816972436,57.494505494505496,2026-04-01,2026-09-10,122.70036894827719
RJC,1.7631880620001605,0.013144360583675735,8,1.7633165267883446,0.10265509683720468,1.9790896246094756,1.1202252422937868,0.07731143816972436,443.9340659340659,2026-04-01,2026-09-10,5.831746500611737
RJE,2.0174285344716716,0.0033360970100563933,8,2.017405722223927,0.06554728547037225,1.9790896246094756,1.1202252422937868,0.07731143816972436,1321.4725274725274,2026-04-01,2026-09-10,7.518793770403275
RJF,1.8157478358720727,0.04610297863908527,8,1.8158450267772155,0.17751544986821988,1.9790896246094756,1.1202252422937868,0.07731143816972436,344.4175824175824,2018-04-01,2026-09-10,6.146267744453441
RJL,1.0344435173131248,0.003324634427131639,8,1.0350055964412985,0.06549161978133047,1.9790896246094756,1.1202252422937868,0.07731143816972436,581.8681318681319,2026-04-01,2026-09-10,2.8151219902449456
RJN,2.353613409356417,0.005291735793524784,8,2.3533905618786313,0.07443751769233156,1.9790896246094756,1.1202252422937868,0.07731143816972436,310.3736263736264,2026-04-01,2026-09-10,10.521182036468945
RJR,2.0726299449848686,0.00719053197480093,8,2.0725742870391897,0.08215393406786099,1.9790896246094756,1.1202252422937868,0.07731143816972436,519.7111111111111,2026-01-01,2026-09-10,7.945250168554819
RJZ,2.3443838603306295,0.002322932554924028,8,2.3441665045780837,0.06042934399471881,1.9790896246094756,1.1202252422937868,0.07731143816972436,1354.3626373626373,2026-04-01,2026-09-10,10.424580265561767
RK5,1.646076444810868,0.0004876048154558714,8,1.6462745928329958,0.04983743353569734,1.9790896246094756,1.1202252422937868,0.07731143816972436,687.3626373626373,2026-04-01,2026-09-10,5.18761779533258
RK9,2.297726677061122,0.006822254435083512,8,2.297537083058392,0.08071499518962275,1.9790896246094756,1.1202252422937868,0.07731143816972436,1023.7692307692307,2026-04-01,2026-09-10,9.949647098542922
RKB,3.1174343992954445,0.07111831596479824,8,3.116757066447117,0.21778564224339997,1.9790896246094756,1.1202252422937868,0.07731143816972436,1071.901098901099,2026-04-01,2026-09-10,22.573057891821087
RKE,1.6951805660438908,0.007020599362997764,6,1.6954057617871152,0.08097409098832736,1.9790896246094756,1.1202252422937868,0.07731143816972436,255.63736263736263,2026-04-01,2026-09-10,5.44885645444913
RL4,1.4521884096846975,,1,1.4546861217940374,0.07731143816972436,1.9790896246094756,1.1202252422937868,0.07731143816972436,803.7912087912088,2026-04-01,2026-09-10,4.283138870649022
RLN,1.848544230107637,0.0017679731041591836,8,1.8486219066480492,0.05743300097948022,1.9790896246094756,1.1202252422937868,0.07731143816972436,727.0,2019-01-01,2026-09-10,6.351061133922851
RLQ,1.7884877666764598,0.007224612191736954,8,1.788601177746815,0.08228582073239546,1.9790896246094756,1.1202252422937868,0.07731143816972436,297.1208791208791,2026-04-01,2026-09-10,5.981080144049318
RLT,2.3554272955216042,0.001962031563471855,8,2.355203368753335,0.05849821662533237,1.9790896246094756,1.1202252422937868,0.07731143816972436,398.1978021978022,2026-04-01,2026-09-10,10.540272205761779
RM1,2.4212372129026463,0.0027932623529816074,8,2.4209741282098367,0.06285703139835792,1.9790896246094756,1.1202252422937868,0.07731143816972436,920.6703296703297,2026-04-01,2026-09-10,11.256819561160166
RM2,2.091457729240542,0.0030669691570715065,8,2.0913908684703575,0.06422759105993524,1.9790896246094756,1.1202252422937868,0.07731143816972436,730.1304347826087,2017-07-01,2026-09-10,8.09616804171473
RM3,1.7069543758113006,0.0018773994682510372,8,1.7071163005175036,0.058036062585917376,1.9790896246094756,1.1202252422937868,0.07731143816972436,1540.4835164835165,2026-04-01,2026-09-10,5.513040580845949
RMC,1.8152415660672219,0.008887604487241546,8,1.8153390582107738,0.08848290297009888,1.9790896246094756,1.1202252422937868,0.07731143816972436,555.934065934066,2026-04-01,2026-09-10,6.14315871277629
RMP,2.0285366065514743,0.0024284006354517336,8,2.028507184828052,0.06098214219652309,1.9790896246094756,1.1202252422937868,0.07731143816972436,443.85714285714283,2026-04-01,2026-09-10,7.602728414907793
RN3,1.8738180731361478,0.0041313722618185255,8,1.8738807113468137,0.06930029497524401,1.9790896246094756,1.1202252422937868,0.07731143816972436,575.978021978022,2026-04-01,2026-09-10,6.5135245246199105
RN5,1.7555136775772169,0.009303184803357978,8,1.7556467087435106,0.08996490604219479,1.9790896246094756,1.1202252422937868,0.07731143816972436,858.8901098901099,2026-04-01,2026-09-10,5.787189157851922
RN7,1.4885773008787577,0.010809903141276894,8,1.4888691633414848,0.09514465344765723,1.9790896246094756,1.1202252422937868,0.07731143816972436,543.9120879120879,2026-04-01,2026-09-10,4.432080724724451
RNA,1.6467456255820823,0.0007081278811212797,8,1.646943375431242,0.051225995757954244,1.9790896246094756,1.1202252422937868,0.07731143816972436,647.6263736263736,2026-04-01,2026-09-10,5.191088344232449
RNL,1.9431413786247007,0.0014615262305869136,8,1.9431627683902504,0.05570940633941685,1.9790896246094756,1.1202252422937868,0.07731143816972436,535.4239130434783,2019-07-01,2026-09-10,6.980794729519227
RNN,1.984517753284699,0.001983402429185252,8,1.9845145234637005,0.058614341164615405,1.9790896246094756,1.1202252422937868,0.07731143816972436,602.3186813186813,2026-04-01,2026-09-10,7.275514436392489
RNQ,2.136450469227669,0.0038747244752402417,8,2.136356837077313,0.06811174322335463,1.9790896246094756,1.1202252422937868,0.07731143816972436,517.9120879120879,2026-04-01,2026-09-10,8.468529129388987
RNS,2.1505450457138084,0.004966248823677582,8,2.1504430270711965,0.07303297863619715,1.9790896246094756,1.1202252422937868,0.07731143816972436,711.6813186813187,2026-04-01,2026-09-10,8.588662564462556
RNZ,2.2891397308990404,0.003441850224744611,8,2.2889552462628497,0.06605864162084027,1.9790896246094756,1.1202252422937868,0.07731143816972436,437.8901098901099,2026-04-01,2026-09-10,9.864626190548758
RP5,1.5756551342554703,0.0017143137075228475,8,1.575895184052809,0.05713495176107527,1.9790896246094756,1.1202252422937868,0.07731143816972436,742.1318681318681,2026-04-01,2026-09-10,4.835067957115983
RP6,3.1553624191458747,,1,3.1497864388300574,0.07731143816972436,1.9790896246094756,1.1202252422937868,0.07731143816972436,10.0,2026-04-01,2026-09-10,23.331081435811043
RPA,2.168436103183613,0.0005927911254130505,8,2.1683234390835042,0.05050451983857556,1.9790896246094756,1.1202252422937868,0.07731143816972436,578.5714285714286,2026-04-01,2026-09-10,8.743612546286275
RPC,4.685747867594408,,1,4.672917278334307,0.07731143816972436,1.9790896246094756,1.1202252422937868,0.07731143816972436,50.84615384615385,2026-04-01,2026-09-10,107.00946391285324
RQ3,2.39957986504145,0.007805679443792715,3,2.398913330748054,0.08115786342582572,1.9790896246094756,1.1202252422937868,0.07731143816972436,262.75824175824175,2026-04-01,2026-09-10,11.011204339812407
RQ6,2.137507109484819,0.0014097031275142195,8,2.1374128486170734,0.05541263047691628,1.9790896246094756,1.1202252422937868,0.07731143816972436,751.7391304347826,2019-07-01,2026-09-10,8.477476717421027
RQ8,1.932413481666161,0.003448120813200205,8,1.9324412546972776,0.06608883799297997,1.9790896246094756,1.1202252422937868,0.07731143816972436,525.4673913043479,2019-10-01,2026-09-10,6.906349837328325
RQM,2.093325669729378,0.0005720011805090451,8,2.093257697505546,0.05037337152887585,1.9790896246094756,1.1202252422937868,0.07731143816972436,784.3736263736264,2026-04-01,2026-09-10,8.11129631984964
RQQ,1.7574184784897195,0.01324101088600344,7,1.7575692059976846,0.10166331649297355,1.9790896246094756,1.1202252422937868,0.07731143816972436,186.57777777777778,2017-01-01,2026-09-10,5.798325714687191
RQW,1.9335882656312289,0.007304575219460233,8,1.9336153396476121,0.08259444204485282,1.9790896246094756,1.1202252422937868,0.07731143816972436,451.0,2026-04-01,2026-09-10,6.914463240714474
RQX,1.4221956346133224,0.002120921398645228,8,1.4225269952000696,0.059356154370346956,1.9790896246094756,1.1202252422937868,0.07731143816972436,274.9010989010989,2026-04-01,2026-09-10,4.147588144094397
RR1,1.7322790468379057,0.0011223517615893935,8,1.732425902970913,0.053737320888161993,1.9790896246094756,1.1202252422937868,0.07731143816972436,1463.0,2018-01-01,2026-09-10,5.6543541985710934
RR7,2.05142657543082,0.004277901337400337,8,2.0513835338198523,0.06996982677573294,1.9790896246094756,1.1202252422937868,0.07731143816972436,435.95604395604397,2026-04-01,2026-09-10,7.778655698151877
RR8,2.622941808053754,0.0008545317620380755,8,2.622558705989237,0.05212742797637254,1.9790896246094756,1.1202252422937868,0.07731143816972436,1738.2417582417581,2026-04-01,2026-09-10,13.770914265384423
RRF,1.5476401456036202,0.01715914837194866,2,1.548665192452642,0.09062823209070461,1.9790896246094756,1.1202252422937868,0.07731143816972436,397.04395604395603,2026-04-01,2026-09-10,4.705185472004557
RRK,2.0314142053468265,0.0016293987992151721,8,2.0313830714073586,0.05666009135986494,1.9790896246094756,1.1202252422937868,0.07731143816972436,2713.846153846154,2026-04-01,2026-09-10,7.624624469716073
RRV,2.6183371911238837,0.0048360075127791904,8,2.6179568288780666,0.07246333648312892,1.9790896246094756,1.1202252422937868,0.07731143816972436,842.4835164835165,2026-04-01,2026-09-10,13.707687802014261
RTD,2.3082791677305026,0.0035702935864785007,8,2.308083294831676,0.06667443901174092,1.9790896246094756,1.1202252422937868,0.07731143816972436,1480.8131868131868,2026-04-01,2026-09-10,10.05513344689452
RTE,2.15767115514406,0.0021768527219286986,8,2.157564896355488,0.05965522376043659,1.9790896246094756,1.1202252422937868,0.07731143816972436,808.1208791208791,2026-04-01,2026-09-10,8.650048227445648
RTF,1.70300638309806,0.0035276310782712482,8,1.7031706569213398,0.06647053443948829,1.9790896246094756,1.1202252422937868,0.07731143816972436,852.8461538461538,2026-04-01,2026-09-10,5.491330944990402
RTG,2.3207959758797037,0.0008313732790881072,8,2.3205926552853247,0.05198587818830418,1.9790896246094756,1.1202252422937868,0.07731143816972436,1461.923076923077,2026-04-01,2026-09-10,10.181706760639042
RTH,1.7251467727007117,0.009429969046406328,8,1.725297872647776,0.09041219608615197,1.9790896246094756,1.1202252422937868,0.07731143816972436,1020.2307692307693,2026-04-01,2026-09-10,5.614193095211898
RTK,1.5003240154462973,0.007526108328033292,8,1.5006088884311322,0.08344349867573293,1.9790896246094756,1.1202252422937868,0.07731143816972436,470.74725274725273,2026-04-01,2026-09-10,4.484418749915748
RTP,1.8015871173064157,0.004520454230040799,8,1.8016927340593807,0.07106425613342672,1.9790896246094756,1.1202252422937868,0.07731143816972436,629.5384615384615,2026-04-01,2026-09-10,6.059896580790115
RTR,2.225362265465008,0.0014216632450964764,8,2.2252157294128336,0.05548126350658619,1.9790896246094756,1.1202252422937868,0.07731143816972436,938.6153846153846,2026-04-01,2026-09-10,9.25547926765908
RTX,1.6452738480547926,0.0016244477736599918,8,1.645472473634475,0.05663228143278547,1.9790896246094756,1.1202252422937868,0.07731143816972436,567.5934065934066,2026-04-01,2026-09-10,5.1834583759024575
RVJ,2.1784017801884064,0.00020389876471583825,3,2.178085843279508,0.06366059929673419,1.9790896246094756,1.1202252422937868,0.07731143816972436,1006.9010989010989,2026-04-01,2026-09-10,8.829389238223781
RVR,2.184095179325393,0.006342353307422088,8,2.183973197831397,0.0788005001365295,1.9790896246094756,1.1202252422937868,0.07731143816972436,689.4065934065934,2026-04-01,2026-09-10,8.881524301359017
RVV,2.121100263150697,0.0018979223182404663,8,2.121015764611735,0.05814846993622736,1.9790896246094756,1.1202252422937868,0.07731143816972436,1034.1758241758241,2026-04-01,2026-09-10,8.339604261719918
RVW,1.9051906037027093,0.000630918035356056,8,1.9052345747696764,0.05074415338913157,1.9790896246094756,1.1202252422937868,0.07731143816972436,506.3956043956044,2026-04-01,2026-09-10,6.720984016014804
RVY,1.7635374289321675,0.008355117510543008,7,1.7636839957987154,0.08604588249924716,1.9790896246094756,1.1202252422937868,0.07731143816972436,445.13186813186815,2023-04-01,2026-09-10,5.833889880515777
RW1,8.961769286634816,0.0001824884715381123,2,8.945179687774296,0.06941285523449177,1.9790896246094756,1.1202252422937868,0.07731143816972436,183.5934065934066,2026-04-01,2026-09-10,7670.82682003974
RW3,2.0666798571043303,0.0014376618250120051,8,2.066627739553496,0.0555729386912277,1.9790896246094756,1.1202252422937868,0.07731143816972436,1090.4891304347825,2017-07-01,2026-09-10,7.898143560794752
RW6,1.5123382259431175,0.0012788975658486483,8,1.512615950285821,0.054656378525229615,1.9790896246094756,1.1202252422937868,0.07731143816972436,1121.5869565217392,2019-10-01,2026-09-10,4.53858799919696
RWA,2.148483823518035,0.0030859371523923656,8,2.1483830313346926,0.06432148937827219,1.9790896246094756,1.1202252422937868,0.07731143816972436,1116.4395604395604,2026-04-01,2026-09-10,8.57098816703939
RWD,1.6538585280751084,0.0060356467813631265,8,1.6540520456366408,0.07755218850263253,1.9790896246094756,1.1202252422937868,0.07731143816972436,976.934065934066,2026-04-01,2026-09-10,5.228121551757776
RWE,2.0070671938364852,0.0020418073544924116,8,2.0070505467475934,0.058930533349121655,1.9790896246094756,1.1202252422937868,0.07731143816972436,1745.4725274725274,2026-04-01,2026-09-10,7.441337072526258
RWF,2.0959402847683832,0.0009937604708308387,3,2.095755060559322,0.06569595983156819,1.9790896246094756,1.1202252422937868,0.07731143816972436,677.3736263736264,2026-04-01,2026-09-10,8.13157848702318
RWG,1.2814437112177115,0.005346933195922581,8,1.2818588213883293,0.07467308524430917,1.9790896246094756,1.1202252422937868,0.07731143816972436,663.0,2026-04-01,2026-09-10,3.603331453854334
RWH,1.7174410073248048,0.022368509988184907,8,1.7175966923221337,0.12809364607220297,1.9790896246094756,1.1202252422937868,0.07731143816972436,564.3406593406594,2026-04-01,2026-09-10,5.571123239033227
RWJ,1.8540465639645511,0.0009740643952758642,8,1.8541209665307277,0.05285201007136084,1.9790896246094756,1.1202252422937868,0.07731143816972436,614.5164835164835,2026-04-01,2026-09-10,6.38608220264181
RWP,2.0807480508317244,0.013478520947181707,8,2.080687562486786,0.10368566154828318,1.9790896246094756,1.1202252422937868,0.07731143816972436,859.3296703296703,2026-04-01,2026-09-10,8.009974379307188
RWW,2.200694498461862,0.003079479676284556,8,2.200562640114771,0.06428953797361966,1.9790896246094756,1.1202252422937868,0.07731143816972436,561.989010989011,2026-04-01,2026-09-10,9.03009276282993
RWX,3.41163314493636,0.011217623084389729,5,3.410269814572651,0.09272184628301153,1.9790896246094756,1.1202252422937868,0.07731143816972436,35.472527472527474,2026-04-01,2026-09-10,30.27341136509863
RWY,1.9090313849786162,0.0025076135523165286,8,1.9090730707209793,0.06139405416406391,1.9790896246094756,1.1202252422937868,0.07731143816972436,757.8901098901099,2026-04-01,2026-09-10,6.746832063023749
RX1,2.2708405301295227,0.0016267743424458834,8,2.270666933802441,0.05664535147790203,1.9790896246094756,1.1202252422937868,0.07731143816972436,1656.043956043956,2026-04-01,2026-09-10,9.685858486843884
RXC,1.915985571883337,0.0030634308568069537,8,1.9160231197763167,0.06421006001974594,1.9790896246094756,1.1202252422937868,0.07731143816972436,708.8351648351648,2026-04-01,2026-09-10,6.793886201710721
RXF,2.0780076880454383,0.0016283094323966934,8,2.0779488302589857,0.05665397355418506,1.9790896246094756,1.1202252422937868,0.07731143816972436,1075.010989010989,2026-04-01,2026-09-10,7.988067216949675
RXH,1.899196231345083,0.00412117967110765,8,1.8992437691568476,0.06925348142560843,1.9790896246094756,1.1202252422937868,0.07731143816972436,858.0,2019-10-01,2026-09-10,6.680840273987798
RXK,1.7913305990627089,0.003004430148902031,8,1.7914423186035728,0.06391702357517104,1.9790896246094756,1.1202252422937868,0.07731143816972436,557.7912087912088,2026-04-01,2026-09-10,5.998097397974765
RXL,2.140686902868868,0.019719747978121472,8,2.140590749974596,0.1213359235325012,1.9790896246094756,1.1202252422937868,0.07731143816972436,738.0,2026-04-01,2026-09-10,8.504460154831941
RXN,2.073866796210293,0.006998665101793056,8,2.0738104023188955,0.08140744303699411,1.9790896246094756,1.1202252422937868,0.07731143816972436,818.8021978021978,2026-04-01,2026-09-10,7.955077486286728
RXP,1.8239897997740946,0.0006729739411067434,8,1.824082086582509,0.051007175498098176,1.9790896246094756,1.1202252422937868,0.07731143816972436,925.967032967033,2026-04-01,2026-09-10,6.197104002660646
RXQ,1.195312799983291,0.0033028603135045916,8,1.1957791593858926,0.0653857477395193,1.9790896246094756,1.1202252422937868,0.07731143816972436,510.0,2026-04-01,2026-09-10,3.306132771583256
RXR,1.892898655052347,0.004449921582743074,8,1.892949940019967,0.07074774970188481,1.9790896246094756,1.1202252422937868,0.07731143816972436,885.010989010989,2026-04-01,2026-09-10,6.638924251320606
RXW,1.890965842853846,0.004067529972608717,8,1.89101827787479,0.06900655021329857,1.9790896246094756,1.1202252422937868,0.07731143816972436,842.2197802197802,2026-04-01,2026-09-10,6.626112470659226
RY5,4.833391731529245,,1,4.819861254213519,0.07731143816972436,1.9790896246094756,1.1202252422937868,0.07731143816972436,23.66304347826087,2019-10-01,2026-09-10,123.94789233894068
RYJ,2.0864244986208873,0.0036448204157459377,8,2.0863606327012154,0.06702915023786023,1.9790896246094756,1.1202252422937868,0.07731143816972436,1039.3956043956043,2026-04-01,2026-09-10,8.055544665876074
RYR,1.8023776646337366,0.0011884575478406758,8,1.8024828109987445,0.05412732188794153,1.9790896246094756,1.1202252422937868,0.07731143816972436,1833.0,2026-04-01,2026-09-10,6.064686257190811
