split,origin_set,n_origins,level,mode,g1,stat,months,oyear,horizon,point_raw,lo_raw,hi_raw,lo_within_raw,hi_within_raw,n_rows_raw,n_series_raw,n_units_raw,zero_den_raw,degenerate_raw,point_pooled,lo_pooled,hi_pooled,lo_within_pooled,hi_within_pooled,n_rows_pooled,n_series_pooled,n_units_pooled,zero_den_pooled,degenerate_pooled,point_diff,lo_diff,hi_diff,lo_within_diff,hi_within_diff,zero_den_diff,degenerate_diff,raw_gap_point_pp,raw_gap_lo_pp,raw_gap_hi_pp,pooled_gap_point_pp,pooled_gap_lo_pp,pooled_gap_hi_pp,diff_point_pp,diff_lo_pp,diff_hi_pp,model
conf,CONF19,19,provider,asof,failed_dropped,cov90,all,2024,1,0.9534971644612477,0.9428053906698608,0.9668063759303162,0.9468227826449909,0.9600540449151644,5290,192,12,1,False,0.9109640831758034,0.8938211128555514,0.9310704019196262,0.899468569502928,0.9231057005626107,5290,192,12,1,False,-0.04253308128544431,-0.05974354714576309,-0.029048567536615,-0.05173545019239676,-0.03350888700016699,1,False,5.349716446124764,4.280539066986078,6.680637593031613,1.096408317580333,-0.6178887144448586,3.107040191962618,-4.253308128544431,-5.974354714576309,-2.9048567536615,b1_ets
conf,CONF19,19,provider,asof,failed_dropped,cov90,all,2024,2,0.9511548655812192,0.9406696245422637,0.962874165073292,0.9437207741860051,0.9590533860378111,5282,191,12,1,False,0.8915183642559636,0.8688233024691357,0.9131390619192278,0.8784793846575958,0.9061740361741495,5282,191,12,1,False,-0.05963650132525555,-0.08156362583764697,-0.038037575767717706,-0.07086440671347541,-0.048436703778040865,1,False,5.115486558121917,4.066962454226363,6.287416507329202,-0.8481635744036375,-3.1176697530864272,1.3139061919227757,-5.963650132525555,-8.156362583764697,-3.8037575767717704,b1_ets
conf,CONF19,19,provider,asof,failed_dropped,cov90,all,2024,3,0.9516679302501896,0.9420843606529249,0.9673828664129563,0.943452753240184,0.9598499571413871,5276,188,12,1,False,0.8887414708112206,0.8689463549818376,0.9195176054786216,0.8725688382432502,0.905527856152517,5276,188,12,1,False,-0.06292645943896902,-0.0844538050971919,-0.03830189417164961,-0.07480566882570805,-0.05029634059286899,1,False,5.166793025018956,4.208436065292487,6.738286641295632,-1.1258529188779454,-3.1053645018162435,1.951760547862158,-6.292645943896902,-8.44538050971919,-3.8301894171649606,b1_ets
conf,CONF19,19,provider,asof,failed_dropped,cov90,all,2024,4,0.9580804248861912,0.9487518516652391,0.9704959447674363,0.9496441975005923,0.9669948633652122,5272,188,12,1,False,0.9004172989377845,0.8793131710764277,0.9294093530859332,0.8850758482210395,0.9164770791624849,5272,188,12,1,False,-0.05766312594840661,-0.07817752831299364,-0.03423858816127719,-0.06959822574446793,-0.04645814904474677,1,False,5.8080424886191135,4.875185166523909,7.049594476743626,0.04172989377845271,-2.068682892357232,2.9409353085933176,-5.766312594840661,-7.817752831299364,-3.4238588161277193,b1_ets
conf,CONF19,19,provider,asof,failed_dropped,cov90,all,2024,5,0.9669703872437357,0.9553067053607431,0.9785761647071378,0.957985877266649,0.9761696487048267,5268,188,12,1,False,0.9210326499620349,0.9017939873658459,0.9420540064589794,0.9063027023149139,0.9356180447266179,5268,188,12,1,False,-0.04593773728170081,-0.06066765480736897,-0.030608304092686306,-0.05813404299297239,-0.035177311647672745,1,False,6.697038724373572,5.530670536074311,7.857616470713779,2.103264996203491,0.1793987365845906,4.205400645897939,-4.593773728170081,-6.066765480736898,-3.0608304092686307,b1_ets
conf,CONF19,19,provider,asof,failed_dropped,cov90,all,2024,6,0.9694090822724681,0.9571160562854537,0.9808403702741487,0.9588021607759526,0.9789954693518377,5263,188,12,1,False,0.9420482614478435,0.9257311886180959,0.9558969729549373,0.9298278320083191,0.953530625190817,5263,188,12,1,False,-0.027360820824624654,-0.04116591622516534,-0.0169942501200792,-0.0357351656315376,-0.02029382399689366,1,False,6.940908227246812,5.711605628545369,8.084037027414869,4.204826144784346,2.573118861809587,5.589697295493723,-2.7360820824624654,-4.116591622516534,-1.69942501200792,b1_ets
conf,CONF19,19,provider,asof,failed_dropped,cov90,all,2025,1,0.9468911917098446,0.9288848633940885,0.9628821945762546,0.9351921708872372,0.957837782528708,3088,189,7,26,False,0.8915155440414507,0.8503681053393646,0.917537996455749,0.8755741563881436,0.907876131147541,3088,189,7,26,False,-0.05537564766839387,-0.08940289998016926,-0.037369708416752453,-0.06748025170705586,-0.043391362455007965,26,False,4.689119170984457,2.8884863394088467,6.288219457625455,-0.8484455958549297,-4.963189466063545,1.7537996455748939,-5.537564766839386,-8.940289998016926,-3.7369708416752454,b1_ets
conf,CONF19,19,provider,asof,failed_dropped,cov90,all,2025,2,0.9491415613864593,0.9274659043945447,0.9638080608586115,0.9371584823587987,0.9599344539010761,3087,189,7,26,False,0.9086491739552964,0.8717142197479321,0.933434798947764,0.8920078910053206,0.9257421699050552,3087,189,7,26,False,-0.0404923874311629,-0.0626380844133525,-0.02545323548051712,-0.052006595602572474,-0.030023201307869996,26,False,4.9141561386459305,2.746590439454466,6.3808060858611455,0.8649173955296408,-2.828578025206796,3.343479894776402,-4.04923874311629,-6.26380844133525,-2.5453235480517122,b1_ets
conf,CONF19,19,provider,asof,failed_dropped,cov90,all,2025,3,0.9591704471808166,0.9439521515154786,0.9721605853022042,0.9470701499330528,0.9709650144412486,3086,188,7,26,False,0.9303305249513933,0.903866187804777,0.9486645219898823,0.9137179985292988,0.9456665299425758,3086,188,7,26,False,-0.02883992222942322,-0.04741895525176146,-0.016634152215799603,-0.03950159360726992,-0.019916808720419496,26,False,5.917044718081654,4.39521515154786,7.216058530220415,3.0330524951393323,0.3866187804776988,4.866452198988225,-2.883992222942322,-4.741895525176146,-1.6634152215799602,b1_ets
conf,CONF19,19,provider,asof,failed_dropped,cov90,all,2025,4,0.9659312134977287,0.9505059755099515,0.979453015610959,0.9535021262222632,0.9772514967491185,3082,188,7,26,False,0.9338092147955873,0.9142458253154565,0.9558082614464259,0.9167244530528565,0.9496639782780938,3082,188,7,26,False,-0.032121998702141386,-0.04395748567039691,-0.016663947332223157,-0.043450810365067545,-0.023173707661852328,26,False,6.5931213497728685,5.050597550995151,7.945301561095897,3.3809214795587295,1.4245825315456484,5.580826144642592,-3.2121998702141386,-4.395748567039691,-1.6663947332223157,b1_ets
conf,CONF19,19,provider,asof,failed_dropped,cov90,all,2025,5,0.9658869395711501,0.9507560500791511,0.9806700549535365,0.9528652289116939,0.9774174299656022,3078,188,7,26,False,0.9246263807667316,0.9065958248631949,0.9512863720105632,0.9061870753945027,0.94162447637314,3078,188,7,26,False,-0.04126055880441848,-0.05436441085868305,-0.022776787216750284,-0.05424061376392406,-0.030630357210285862,26,False,6.5886939571150105,5.075605007915107,8.067005495353651,2.4626380766731626,0.6595824863194877,5.128637201056319,-4.126055880441848,-5.436441085868305,-2.2776787216750285,b1_ets
conf,CONF19,19,provider,asof,failed_dropped,cov90,all,2025,6,0.9661788617886179,0.9521278159482887,0.978971318822023,0.9542817360300188,0.9774581741877086,3075,188,7,26,False,0.9219512195121952,0.901610528097495,0.9496652969518963,0.9030148473163483,0.9391501039238701,3075,188,7,26,False,-0.04422764227642273,-0.059584231557915784,-0.02366062589629792,-0.05849980580671974,-0.03223190532669211,26,False,6.617886178861787,5.212781594828863,7.897131882202302,2.195121951219514,0.16105280974949565,4.966529695189625,-4.422764227642273,-5.9584231557915786,-2.366062589629792,b1_ets
conf,CONF19,19,provider,asof,failed_dropped,cov90,all,2024,1,0.8807183364839319,0.8406624542033458,0.9300050341395673,0.8687226193261997,0.8924184580641779,5290,192,12,1,False,0.8933837429111531,0.8587640516267174,0.9362259608446926,0.8813908999258324,0.9046985119952347,5290,192,12,1,False,0.012665406427221138,0.004109391774808013,0.02084792984792987,0.009787838533870916,0.015625884433962265,1,False,-1.9281663516068082,-5.933754579665418,3.0005034139567233,-0.6616257088846944,-4.123594837328259,3.622596084469254,1.2665406427221138,0.41093917748080133,2.084792984792987,b2_stl_arima
conf,CONF19,19,provider,asof,failed_dropped,cov90,all,2024,2,0.9204846648996592,0.8973390566225673,0.9532637118585553,0.9098671101341236,0.9314890071107393,5282,191,12,1,False,0.9204846648996592,0.8973390566225673,0.9532637118585553,0.9098671101341236,0.9314890071107393,5282,191,12,1,False,0.0,0.0,0.0,0.0,0.0,1,False,2.0484664899659166,-0.2660943377432723,5.326371185855527,2.0484664899659166,-0.2660943377432723,5.326371185855527,0.0,0.0,0.0,b2_stl_arima
conf,CONF19,19,provider,asof,failed_dropped,cov90,all,2024,3,0.9395375284306292,0.9265247757200566,0.9599476804756168,0.9296098170483079,0.9497920741658396,5276,188,12,1,False,0.9395375284306292,0.9265247757200566,0.9599476804756168,0.9296098170483079,0.9497920741658396,5276,188,12,1,False,0.0,0.0,0.0,0.0,0.0,1,False,3.9537528430629187,2.6524775720056626,5.994768047561683,3.9537528430629187,2.6524775720056626,5.994768047561683,0.0,0.0,0.0,b2_stl_arima
conf,CONF19,19,provider,asof,failed_dropped,cov90,all,2024,4,0.947268588770865,0.9359677870362813,0.9621301462523026,0.9372647479623305,0.9576959214682279,5272,188,12,1,False,0.947268588770865,0.9359677870362813,0.9621301462523026,0.9372647479623305,0.9576959214682279,5272,188,12,1,False,0.0,0.0,0.0,0.0,0.0,1,False,4.726858877086492,3.596778703628123,6.213014625230262,4.726858877086492,3.596778703628123,6.213014625230262,0.0,0.0,0.0,b2_stl_arima
conf,CONF19,19,provider,asof,failed_dropped,cov90,all,2024,5,0.951784358390281,0.9408942775110439,0.965995964146547,0.9415009317659938,0.962381829531833,5268,188,12,1,False,0.951784358390281,0.9408942775110439,0.965995964146547,0.9415009317659938,0.962381829531833,5268,188,12,1,False,0.0,0.0,0.0,0.0,0.0,1,False,5.178435839028095,4.089427751104391,6.599596414654696,5.178435839028095,4.089427751104391,6.599596414654696,0.0,0.0,0.0,b2_stl_arima
conf,CONF19,19,provider,asof,failed_dropped,cov90,all,2024,6,0.9578187345620368,0.9459521655743429,0.9696142625433389,0.9475471276269621,0.9683546549984726,5263,188,12,1,False,0.9578187345620368,0.9459521655743429,0.9696142625433389,0.9475471276269621,0.9683546549984726,5263,188,12,1,False,0.0,0.0,0.0,0.0,0.0,1,False,5.781873456203678,4.59521655743429,6.961426254333891,5.781873456203678,4.59521655743429,6.961426254333891,0.0,0.0,0.0,b2_stl_arima
conf,CONF19,19,provider,asof,failed_dropped,cov90,all,2025,1,0.9115932642487047,0.8668414669858165,0.938869788692176,0.8974795221968654,0.9260899284704734,3088,189,7,26,False,0.9115932642487047,0.8668414669858165,0.938869788692176,0.8974795221968654,0.9260899284704734,3088,189,7,26,False,0.0,0.0,0.0,0.0,0.0,26,False,1.159326424870466,-3.3158533014183478,3.8869788692175944,1.159326424870466,-3.3158533014183478,3.8869788692175944,0.0,0.0,0.0,b2_stl_arima
conf,CONF19,19,provider,asof,failed_dropped,cov90,all,2025,2,0.9449303530936184,0.9206909722460109,0.9615127365618479,0.9316117828459867,0.9568710726103541,3087,189,7,26,False,0.9433106575963719,0.9206909722460109,0.9603007442900228,0.9299169062957492,0.9552206696214952,3087,189,7,26,False,-0.0016196954972464983,-0.0036419099330240122,0.0,-0.0030284681317124694,-0.00032924798572045444,26,False,4.4930353093618365,2.069097224601091,6.151273656184786,4.3310657596371875,2.069097224601091,6.0300744290022745,-0.16196954972464983,-0.36419099330240123,0.0,b2_stl_arima
conf,CONF19,19,provider,asof,failed_dropped,cov90,all,2025,3,0.9513933895009722,0.9287916545266012,0.9663568800439248,0.937145914728251,0.9646413658378318,3086,188,7,26,False,0.9462086843810759,0.9263419444893995,0.9623042275942991,0.9315727740609204,0.9598217815351947,3086,188,7,26,False,-0.005184705119896327,-0.011084478321489349,0.0,-0.009809388622171292,-0.000995166557819702,26,False,5.139338950097216,2.879165452660115,6.635688004392481,4.620868438107584,2.6341944489399527,6.23042275942991,-0.5184705119896327,-1.1084478321489348,0.0,b2_stl_arima
conf,CONF19,19,provider,asof,failed_dropped,cov90,all,2025,4,0.95425048669695,0.9350612077527313,0.96965199944652,0.9399463954751195,0.9671743021368757,3082,188,7,26,False,0.9467878001297858,0.9284717335209947,0.9652361993762792,0.9316233140655106,0.9608372054430799,3082,188,7,26,False,-0.007462686567164201,-0.01628346367874872,0.0,-0.013008909559667704,-0.003356218461066285,26,False,5.425048669694998,3.506120775273125,6.965199944652001,4.678780012978578,2.8471733520994635,6.523619937627922,-0.7462686567164201,-1.6283463678748717,0.0,b2_stl_arima
conf,CONF19,19,provider,asof,failed_dropped,cov90,all,2025,5,0.9574398960363872,0.9418702751756005,0.9735683796130877,0.9439038154409474,0.9707305513758687,3078,188,7,26,False,0.9499675113710201,0.9334974760053781,0.9699135786374649,0.9343907712721264,0.9641919040685157,3078,188,7,26,False,-0.007472384665367149,-0.014863201885275675,0.0,-0.013421015015830618,-0.0029578575721154,26,False,5.743989603638722,4.187027517560049,7.356837961308771,4.996751137102007,3.3497476005378113,6.991357863746483,-0.7472384665367149,-1.4863201885275674,0.0,b2_stl_arima
conf,CONF19,19,provider,asof,failed_dropped,cov90,all,2025,6,0.9560975609756097,0.9394653132677326,0.9730431051461692,0.9415256887360164,0.9703662940951077,3075,188,7,26,False,0.9473170731707317,0.9303112313937754,0.9682066236662696,0.9311579938377268,0.962559138438451,3075,188,7,26,False,-0.008780487804878057,-0.016149271391206872,0.0,-0.015172352237195588,-0.003447221095451349,26,False,5.60975609756097,3.9465313267732616,7.304310514616919,4.731707317073164,3.031123139377534,6.820662366626962,-0.8780487804878057,-1.6149271391206872,0.0,b2_stl_arima
conf,CONF19,19,provider,asof,failed_dropped,cov90,all,2024,1,0.7295785154792988,0.6878481626511485,0.7998079503007759,0.7184079524885141,0.7421725154135614,5362,195,12,1,False,0.8627377844088027,0.8342928858473666,0.9070541179332163,0.8531952656407589,0.8734489561598163,5362,195,12,1,False,0.13315926892950392,0.0997547054309683,0.15145354653180862,0.124540335690482,0.1413056499302873,1,False,-17.042148452070126,-21.21518373488516,-10.019204969922413,-3.7262215591197356,-6.570711415263341,0.7054117933216308,13.315926892950392,9.97547054309683,15.145354653180862,m1_lightgbm_v3_raw
conf,CONF19,19,provider,asof,failed_dropped,cov90,all,2024,2,0.7009712364587225,0.6613688042737336,0.7732822168655465,0.6852632921148375,0.7184743790511137,5354,194,12,1,False,0.8772880089652596,0.8569114843647102,0.9144252806695016,0.8645865005004633,0.8909757425391182,5354,194,12,1,False,0.1763167725065371,0.1352934484813981,0.20468922949152013,0.16412892183089095,0.18852412785784162,1,False,-19.902876354127752,-23.863119572626644,-12.671778313445348,-2.271199103474042,-4.3088515635289815,1.442528066950155,17.63167725065371,13.529344848139809,20.468922949152013,m1_lightgbm_v3_raw
conf,CONF19,19,provider,asof,failed_dropped,cov90,all,2024,3,0.6776364996260285,0.6378239492205486,0.7293343762478844,0.6590185329413798,0.6977458481759742,5348,191,12,1,False,0.87471952131638,0.8436070835283208,0.914944697441247,0.8601242939024294,0.8906585696797789,5348,191,12,1,False,0.19708302169035152,0.17509163069344386,0.21946200385767553,0.183168324418765,0.2111604701362829,1,False,-22.236350037397155,-26.217605077945137,-17.066562375211557,-2.5280478683620045,-5.639291647167921,1.4944697441246935,19.708302169035154,17.509163069344385,21.946200385767554,m1_lightgbm_v3_raw
conf,CONF19,19,provider,asof,failed_dropped,cov90,all,2024,4,0.6841317365269461,0.6467613096460971,0.7321649530689618,0.6631804388763924,0.7061417832531676,5344,191,12,1,False,0.8920284431137725,0.8694030165961162,0.9202120907476861,0.8764038742962026,0.9084682396929111,5344,191,12,1,False,0.20789670658682635,0.17825321408661068,0.23299773445504268,0.1933805164885852,0.2231743293457963,1,False,-21.586826347305387,-25.323869035390288,-16.783504693103822,-0.7971556886227527,-3.0596983403883837,2.021209074768604,20.789670658682635,17.82532140866107,23.299773445504268,m1_lightgbm_v3_raw
conf,CONF19,19,provider,asof,failed_dropped,cov90,all,2024,5,0.6779629282905822,0.6336476306034827,0.748840688638738,0.6574075121310089,0.7000656781071325,5341,192,12,1,False,0.891593334581539,0.8651639126507624,0.9303335534007983,0.8757762625461915,0.9076000383238403,5341,192,12,1,False,0.21363040629095675,0.17208105908550428,0.24065598361542398,0.19892390659014453,0.22791337970087028,1,False,-22.203707170941776,-26.63523693965173,-15.115931136126203,-0.8406665418461023,-3.48360873492376,3.033355340079824,21.363040629095675,17.20810590855043,24.0655983615424,m1_lightgbm_v3_raw
conf,CONF19,19,provider,asof,failed_dropped,cov90,all,2024,6,0.670601461495222,0.6316472956896405,0.7223693325475269,0.6478760428192752,0.6950976331631347,5337,192,12,1,False,0.905377552932359,0.8821063377854466,0.933809533950544,0.8885557136815582,0.9216722210371292,5337,192,12,1,False,0.23477609143713696,0.19784964989794077,0.26434105592221013,0.2177245863135033,0.2532896118475707,1,False,-22.9398538504778,-26.83527043103595,-17.763066745247315,0.5377552932358975,-1.7893662214553463,3.380953395054398,23.477609143713696,19.784964989794076,26.434105592221012,m1_lightgbm_v3_raw
conf,CONF19,19,provider,asof,failed_dropped,cov90,all,2025,1,0.7835939993616342,0.7111609182275012,0.8555813578271985,0.7654188540980734,0.8023948390115146,3133,193,7,26,False,0.8956271943823811,0.85686083237771,0.9323366667539447,0.8820518560295376,0.9097593386258221,3133,193,7,26,False,0.11203319502074693,0.06961169762758722,0.15592460544744835,0.10046371814861171,0.12411458439989352,26,False,-11.640600063836581,-18.883908177249886,-4.4418642172801555,-0.437280561761888,-4.313916762228997,3.2336666753944643,11.203319502074693,6.961169762758722,15.592460544744835,m1_lightgbm_v3_raw
conf,CONF19,19,provider,asof,failed_dropped,cov90,all,2025,2,0.7511977004152028,0.5447114042759057,0.8156908436660019,0.7289769321912373,0.7740664837151163,3131,193,7,26,False,0.8936442031299904,0.8164846611632212,0.9245175104626508,0.8738257788591098,0.9108596366941208,3131,193,7,26,False,0.14244650271478754,0.10075200618354749,0.26163312820666007,0.1278995823842065,0.15627322327101953,26,False,-14.880229958479719,-35.52885957240943,-8.430915633399817,-0.6355796870009645,-8.351533883677886,2.4517510462650827,14.244650271478754,10.07520061835475,26.163312820666007,m1_lightgbm_v3_raw
conf,CONF19,19,provider,asof,failed_dropped,cov90,all,2025,3,0.7890699904122723,0.7487580976207702,0.8388211292456992,0.7607876525842387,0.8150252392225885,3129,192,7,26,False,0.9076382230744647,0.8779649632929143,0.9439321438403755,0.885360076480584,0.9263872246086894,3129,192,7,26,False,0.11856823266219241,0.09423312337728348,0.14637393479335714,0.10003330726893035,0.13718785219551152,26,False,-11.09300095877277,-15.124190237922985,-6.117887075430084,0.7638223074464712,-2.203503670708573,4.393214384037547,11.85682326621924,9.423312337728348,14.637393479335714,m1_lightgbm_v3_raw
conf,CONF19,19,provider,asof,failed_dropped,cov90,all,2025,4,0.7491992312620115,0.7206514897802455,0.8060143780539007,0.7192008474557828,0.7791967420566472,3122,192,7,26,False,0.9026265214606022,0.8808261556609023,0.9344572043689293,0.8796712851498003,0.9222935200294784,3122,192,7,26,False,0.1534272901985907,0.11874187455251153,0.17871868058640603,0.1331060240604474,0.1737065118113506,26,False,-15.080076873798854,-17.93485102197545,-9.398562194609926,0.26265214606021603,-1.9173844339097745,3.4457204368929295,15.34272901985907,11.874187455251153,17.8718680586406,m1_lightgbm_v3_raw
conf,CONF19,19,provider,asof,failed_dropped,cov90,all,2025,5,0.719422150882825,0.6870182146806768,0.7756036595854476,0.68834376818974,0.7477309418027414,3115,192,7,26,False,0.9001605136436597,0.8781724680679736,0.9367348926673489,0.8773154433903312,0.921979154991288,3115,192,7,26,False,0.18073836276083466,0.14781091825040585,0.20649240316165882,0.16071079908064442,0.20193639953504736,26,False,-18.0577849117175,-21.298178531932322,-12.439634041455239,0.016051364365965437,-2.1827531932026467,3.673489266734886,18.073836276083465,14.781091825040585,20.64924031616588,m1_lightgbm_v3_raw
conf,CONF19,19,provider,asof,failed_dropped,cov90,all,2025,6,0.7031199742682535,0.6574452691259289,0.7457929888244097,0.6711418614048836,0.7337271409537247,3109,192,7,26,False,0.8977163074943711,0.8721864499300189,0.9273487120076325,0.8747540843428506,0.918924451575424,3109,192,7,26,False,0.1945963332261177,0.16533894343150998,0.23168435587401098,0.17362473580901394,0.21616736664004188,26,False,-19.688002573174657,-24.255473087407108,-15.420701117559032,-0.2283692505628876,-2.7813550069981097,2.7348712007632447,19.45963332261177,16.533894343150997,23.1684355874011,m1_lightgbm_v3_raw
