org_code,org_name,icb_code,icb_name,region,source,valid_from,published,last_updated
A5D4Q,NEMS UTC,QT1,NHS Nottingham And Nottinghamshire Integrated Care Board,MIDLANDS,2026-06/System-Mapping-Apr-26.xls,2026-04-01,2026-06-11,2026-05-14
AAH,Tetbury Hospital Trust Ltd,QR1,NHS Gloucestershire Integrated Care Board,SOUTH WEST,2026-06/System-Mapping-Apr-26.xls,2026-04-01,2026-06-11,2026-05-14
ACH01,Whitstable Medical Practice,QKS,NHS Kent And Medway Integrated Care Board,SOUTH EAST,2026-06/System-Mapping-Apr-26.xls,2026-04-01,2026-06-11,2026-05-14
AD913,Beckenham Beacon Ucc,QKK,NHS South East London Integrated Care Board,LONDON,2026-06/System-Mapping-Apr-26.xls,2026-04-01,2026-06-11,2026-05-14
AJN,Workington Health Limited,QHM,NHS North East And North Cumbria Integrated Care Board,NORTH EAST AND YORKSHIRE,2026-06/System-Mapping-Apr-26.xls,2026-04-01,2026-06-11,2026-05-14
AQM01,Faversham Medical Practice MIU,QKS,NHS Kent And Medway Integrated Care Board,SOUTH EAST,2026-06/System-Mapping-Apr-26.xls,2026-04-01,2026-06-11,2026-05-14
AQN04,Phl Lymington Utc,QRL,NHS Hampshire And Isle Of Wight Integrated Care Board,SOUTH EAST,2026-06/System-Mapping-Apr-26.xls,2026-04-01,2026-06-11,2026-05-14
ARN03,Local Care Direct,QWO,NHS West Yorkshire Integrated Care Board,NORTH EAST AND YORKSHIRE,2026-06/System-Mapping-Apr-26.xls,2026-04-01,2026-06-11,2026-05-14
C82009,Market Harborough Med.Ctr,QK1,"NHS Leicester, Leicestershire And Rutland Integrated Care Board",MIDLANDS,2026-06/System-Mapping-Apr-26.xls,2026-04-01,2026-06-11,2026-05-14
C82038,Latham House Medical Practice,QK1,"NHS Leicester, Leicestershire And Rutland Integrated Care Board",MIDLANDS,2026-06/System-Mapping-Apr-26.xls,2026-04-01,2026-06-11,2026-05-14
C83023,Sleaford Medical Group,QJM,NHS Lincolnshire Integrated Care Board,MIDLANDS,2026-06/System-Mapping-Apr-26.xls,2026-04-01,2026-06-11,2026-05-14
DD401,Exmouth Minor Injury Unit,QJK,NHS Devon Integrated Care Board,SOUTH WEST,2026-06/System-Mapping-Apr-26.xls,2026-04-01,2026-06-11,2026-05-14
DJV01,Herne Bay Health Care LTD,QKS,NHS Kent And Medway Integrated Care Board,SOUTH EAST,2026-06/System-Mapping-Apr-26.xls,2026-04-01,2026-06-11,2026-05-14
DT301,Herts Urgent Care (Ascots Lane),S1Y5D,NHS Central East Integrated Care Board,EAST OF ENGLAND,2026-06/System-Mapping-Apr-26.xls,2026-04-01,2026-06-11,2026-05-14
G0Q0L,Barking Hospital UTC,QMF,NHS North East London Integrated Care Board,LONDON,2026-06/System-Mapping-Apr-26.xls,2026-04-01,2026-06-11,2026-05-14
G3P9C,Trowbridge Minor Injuries Unit,QOX,"NHS Bath And North East Somerset, Swindon And Wiltshire Integrated Care Board",SOUTH WEST,2026-06/System-Mapping-Apr-26.xls,2026-04-01,2026-06-11,2026-05-14
K6K0R,Harold Wood Polyclinic UTC,QMF,NHS North East London Integrated Care Board,LONDON,2026-06/System-Mapping-Apr-26.xls,2026-04-01,2026-06-11,2026-05-14
L83087,Okehampton Medical Centre,QJK,NHS Devon Integrated Care Board,SOUTH WEST,2026-06/System-Mapping-Apr-26.xls,2026-04-01,2026-06-11,2026-05-14
NDA57,Haslemere Minor Injuries Unit,S9B9J,NHS Surrey and Sussex Integrated Care Board,SOUTH EAST,2026-06/System-Mapping-Apr-26.xls,2026-04-01,2026-06-11,2026-05-14
NDJ,First Community Health And Care Cic,S9B9J,NHS Surrey and Sussex Integrated Care Board,SOUTH EAST,2026-06/System-Mapping-Apr-26.xls,2026-04-01,2026-06-11,2026-05-14
NLX,Sirona Care & Health,QUY,"NHS Bristol, North Somerset And South Gloucestershire Integrated Care Board",SOUTH WEST,2026-06/System-Mapping-Apr-26.xls,2026-04-01,2026-06-11,2026-05-14
NNF09,Bransholme Health Centre,QOQ,NHS Humber And North Yorkshire Integrated Care Board,NORTH EAST AND YORKSHIRE,2026-06/System-Mapping-Apr-26.xls,2026-04-01,2026-06-11,2026-05-14
NNF16,Bridlington Hospital,QOQ,NHS Humber And North Yorkshire Integrated Care Board,NORTH EAST AND YORKSHIRE,2026-06/System-Mapping-Apr-26.xls,2026-04-01,2026-06-11,2026-05-14
NNF76,The Wilberforce Health Centre,QOQ,NHS Humber And North Yorkshire Integrated Care Board,NORTH EAST AND YORKSHIRE,2026-06/System-Mapping-Apr-26.xls,2026-04-01,2026-06-11,2026-05-14
NNF94,East Riding Community Hospital,QOQ,NHS Humber And North Yorkshire Integrated Care Board,NORTH EAST AND YORKSHIRE,2026-06/System-Mapping-Apr-26.xls,2026-04-01,2026-06-11,2026-05-14
NNFA7,Goole & District Hospital,QOQ,NHS Humber And North Yorkshire Integrated Care Board,NORTH EAST AND YORKSHIRE,2026-06/System-Mapping-Apr-26.xls,2026-04-01,2026-06-11,2026-05-14
NNJ,Dhu Health Care C.I.C,QJ2,NHS Derby And Derbyshire Integrated Care Board,MIDLANDS,2026-06/System-Mapping-Apr-26.xls,2026-04-01,2026-06-11,2026-05-14
NNJ07,Loughborough Urgent Care Centre,QK1,"NHS Leicester, Leicestershire And Rutland Integrated Care Board",MIDLANDS,2026-06/System-Mapping-Apr-26.xls,2026-04-01,2026-06-11,2026-05-14
NNJ0H,Llr Ea - The Merlyn Vaz Health & Social Care Centre,QK1,"NHS Leicester, Leicestershire And Rutland Integrated Care Board",MIDLANDS,2026-06/System-Mapping-Apr-26.xls,2026-04-01,2026-06-11,2026-05-14
NNJ10,Enderby Leisure Centre,QK1,"NHS Leicester, Leicestershire And Rutland Integrated Care Board",MIDLANDS,2026-06/System-Mapping-Apr-26.xls,2026-04-01,2026-06-11,2026-05-14
NNJ11,Lutterworth Hospital,QK1,"NHS Leicester, Leicestershire And Rutland Integrated Care Board",MIDLANDS,2026-06/System-Mapping-Apr-26.xls,2026-04-01,2026-06-11,2026-05-14
NNJ12,Market Harborough,QK1,"NHS Leicester, Leicestershire And Rutland Integrated Care Board",MIDLANDS,2026-06/System-Mapping-Apr-26.xls,2026-04-01,2026-06-11,2026-05-14
NNJ13,Melton Mowbray,QK1,"NHS Leicester, Leicestershire And Rutland Integrated Care Board",MIDLANDS,2026-06/System-Mapping-Apr-26.xls,2026-04-01,2026-06-11,2026-05-14
NNJ14,Oadby,QK1,"NHS Leicester, Leicestershire And Rutland Integrated Care Board",MIDLANDS,2026-06/System-Mapping-Apr-26.xls,2026-04-01,2026-06-11,2026-05-14
NNJ15,Oakham,QK1,"NHS Leicester, Leicestershire And Rutland Integrated Care Board",MIDLANDS,2026-06/System-Mapping-Apr-26.xls,2026-04-01,2026-06-11,2026-05-14
NQT1I,Chippenham Community Hospital,QOX,"NHS Bath And North East Somerset, Swindon And Wiltshire Integrated Care Board",SOUTH WEST,2026-06/System-Mapping-Apr-26.xls,2026-04-01,2026-06-11,2026-05-14
NQT5F,Skelmersdale Walk In Centre,QE1,NHS Lancashire And South Cumbria Integrated Care Board,NORTH WEST,2026-06/System-Mapping-Apr-26.xls,2026-04-01,2026-06-11,2026-05-14
NQT5H,Paulton Memorial Hospital,QOX,"NHS Bath And North East Somerset, Swindon And Wiltshire Integrated Care Board",SOUTH WEST,2026-06/System-Mapping-Apr-26.xls,2026-04-01,2026-06-11,2026-05-14
NR3,Nottingham Citycare Partnership,QT1,NHS Nottingham And Nottinghamshire Integrated Care Board,MIDLANDS,2026-06/System-Mapping-Apr-26.xls,2026-04-01,2026-06-11,2026-05-14
NTP11,Practice Plus Group Hospital - Southampton,QRL,NHS Hampshire And Isle Of Wight Integrated Care Board,SOUTH EAST,2026-06/System-Mapping-Apr-26.xls,2026-04-01,2026-06-11,2026-05-14
NTPAD,Practice Plus Group Surgical Centre - St Marys Portsmouth,QRL,NHS Hampshire And Isle Of Wight Integrated Care Board,SOUTH EAST,2026-06/System-Mapping-Apr-26.xls,2026-04-01,2026-06-11,2026-05-14
NTV0B,Ashford Walk-In-Centre,S9B9J,NHS Surrey and Sussex Integrated Care Board,SOUTH EAST,2026-06/System-Mapping-Apr-26.xls,2026-04-01,2026-06-11,2026-05-14
NTV0W,Woking Walk In Centre,S9B9J,NHS Surrey and Sussex Integrated Care Board,SOUTH EAST,2026-06/System-Mapping-Apr-26.xls,2026-04-01,2026-06-11,2026-05-14
NV693,Rossendale Miu & Ooh,QE1,NHS Lancashire And South Cumbria Integrated Care Board,NORTH WEST,2026-06/System-Mapping-Apr-26.xls,2026-04-01,2026-06-11,2026-05-14
NVE43,Hastings GP Led Health Centre,S9B9J,NHS Surrey and Sussex Integrated Care Board,SOUTH EAST,2026-06/System-Mapping-Apr-26.xls,2026-04-01,2026-06-11,2026-05-14
R0A,Manchester University NHS Foundation Trust,QOP,NHS Greater Manchester Integrated Care Board,NORTH WEST,2026-06/System-Mapping-Apr-26.xls,2026-04-01,2026-06-11,2026-05-14
R0B,South Tyneside And Sunderland NHS Foundation Trust,QHM,NHS North East And North Cumbria Integrated Care Board,NORTH EAST AND YORKSHIRE,2026-06/System-Mapping-Apr-26.xls,2026-04-01,2026-06-11,2026-05-14
R0D,University Hospitals Dorset NHS Foundation Trust,QVV,NHS Dorset Integrated Care Board,SOUTH WEST,2026-06/System-Mapping-Apr-26.xls,2026-04-01,2026-06-11,2026-05-14
R1D,Shropshire Community Health NHS Trust,QOC,"NHS Shropshire, Telford And Wrekin Integrated Care Board",MIDLANDS,2026-06/System-Mapping-Apr-26.xls,2026-04-01,2026-06-11,2026-05-14
R1F,Isle Of Wight NHS Trust,QRL,NHS Hampshire And Isle Of Wight Integrated Care Board,SOUTH EAST,2026-06/System-Mapping-Apr-26.xls,2026-04-01,2026-06-11,2026-05-14
R1H,Barts Health NHS Trust,QMF,NHS North East London Integrated Care Board,LONDON,2026-06/System-Mapping-Apr-26.xls,2026-04-01,2026-06-11,2026-05-14
R1K,London North West University Healthcare NHS Trust,Z9B2Z,NHS West and North London Integrated Care Board,LONDON,2026-06/System-Mapping-Apr-26.xls,2026-04-01,2026-06-11,2026-05-14
RA2,Royal Surrey County Hospital NHS Foundation Trust,S9B9J,NHS Surrey and Sussex Integrated Care Board,SOUTH EAST,2026-06/System-Mapping-Apr-26.xls,2026-04-01,2026-06-11,2026-05-14
RA7,University Hospitals Bristol And Weston NHS Foundation Trust,QUY,"NHS Bristol, North Somerset And South Gloucestershire Integrated Care Board",SOUTH WEST,2026-06/System-Mapping-Apr-26.xls,2026-04-01,2026-06-11,2026-05-14
RA9,Torbay And South Devon NHS Foundation Trust,QJK,NHS Devon Integrated Care Board,SOUTH WEST,2026-06/System-Mapping-Apr-26.xls,2026-04-01,2026-06-11,2026-05-14
RAE,Bradford Teaching Hospitals NHS Foundation Trust,QWO,NHS West Yorkshire Integrated Care Board,NORTH EAST AND YORKSHIRE,2026-06/System-Mapping-Apr-26.xls,2026-04-01,2026-06-11,2026-05-14
RAJ,Mid And South Essex NHS Foundation Trust,D7T5G,NHS Essex Integrated Care Board,EAST OF ENGLAND,2026-06/System-Mapping-Apr-26.xls,2026-04-01,2026-06-11,2026-05-14
RAL,Royal Free London NHS Foundation Trust,Z9B2Z,NHS West and North London Integrated Care Board,LONDON,2026-06/System-Mapping-Apr-26.xls,2026-04-01,2026-06-11,2026-05-14
RAN,Royal National Orthopaedic Hospital NHS Trust,Z9B2Z,NHS West and North London Integrated Care Board,LONDON,2026-06/System-Mapping-Apr-26.xls,2026-04-01,2026-06-11,2026-05-14
RAS,The Hillingdon Hospitals NHS Foundation Trust,Z9B2Z,NHS West and North London Integrated Care Board,LONDON,2026-06/System-Mapping-Apr-26.xls,2026-04-01,2026-06-11,2026-05-14
RAT,North East London NHS Foundation Trust,QMF,NHS North East London Integrated Care Board,LONDON,2026-06/System-Mapping-Apr-26.xls,2026-04-01,2026-06-11,2026-05-14
RAX,Kingston and Richmond NHS Foundation Trust,QWE,NHS South West London Integrated Care Board,LONDON,2026-06/System-Mapping-Apr-26.xls,2026-04-01,2026-06-11,2026-05-14
RBD,Dorset County Hospital NHS Foundation Trust,QVV,NHS Dorset Integrated Care Board,SOUTH WEST,2026-06/System-Mapping-Apr-26.xls,2026-04-01,2026-06-11,2026-05-14
RBK,Walsall Healthcare NHS Trust,QUA,NHS Black Country Integrated Care Board,MIDLANDS,2026-06/System-Mapping-Apr-26.xls,2026-04-01,2026-06-11,2026-05-14
RBL,Wirral University Teaching Hospital NHS Foundation Trust,QYG,NHS Cheshire And Merseyside Integrated Care Board,NORTH WEST,2026-06/System-Mapping-Apr-26.xls,2026-04-01,2026-06-11,2026-05-14
RBN,Mersey And West Lancashire Teaching Hospitals NHS Trust,QYG,NHS Cheshire And Merseyside Integrated Care Board,NORTH WEST,2026-06/System-Mapping-Apr-26.xls,2026-04-01,2026-06-11,2026-05-14
RBQ,Liverpool Heart And Chest Hospital NHS Foundation Trust,QYG,NHS Cheshire And Merseyside Integrated Care Board,NORTH WEST,2026-06/System-Mapping-Apr-26.xls,2026-04-01,2026-06-11,2026-05-14
RBS,Alder Hey Children's NHS Foundation Trust,QYG,NHS Cheshire And Merseyside Integrated Care Board,NORTH WEST,2026-06/System-Mapping-Apr-26.xls,2026-04-01,2026-06-11,2026-05-14
RBT,Mid Cheshire Hospitals NHS Foundation Trust,QYG,NHS Cheshire And Merseyside Integrated Care Board,NORTH WEST,2026-06/System-Mapping-Apr-26.xls,2026-04-01,2026-06-11,2026-05-14
RBV,The Christie NHS Foundation Trust,QOP,NHS Greater Manchester Integrated Care Board,NORTH WEST,2026-06/System-Mapping-Apr-26.xls,2026-04-01,2026-06-11,2026-05-14
RC9,Bedfordshire Hospitals NHS Foundation Trust,S1Y5D,NHS Central East Integrated Care Board,EAST OF ENGLAND,2026-06/System-Mapping-Apr-26.xls,2026-04-01,2026-06-11,2026-05-14
RCB,York And Scarborough Teaching Hospitals NHS Foundation Trust,QOQ,NHS Humber And North Yorkshire Integrated Care Board,NORTH EAST AND YORKSHIRE,2026-06/System-Mapping-Apr-26.xls,2026-04-01,2026-06-11,2026-05-14
RCD,Harrogate And District NHS Foundation Trust,QOQ,NHS Humber And North Yorkshire Integrated Care Board,NORTH EAST AND YORKSHIRE,2026-06/System-Mapping-Apr-26.xls,2026-04-01,2026-06-11,2026-05-14
RCF,Airedale NHS Foundation Trust,QWO,NHS West Yorkshire Integrated Care Board,NORTH EAST AND YORKSHIRE,2026-06/System-Mapping-Apr-26.xls,2026-04-01,2026-06-11,2026-05-14
RCU,Sheffield Children's NHS Foundation Trust,QF7,NHS South Yorkshire Integrated Care Board,NORTH EAST AND YORKSHIRE,2026-06/System-Mapping-Apr-26.xls,2026-04-01,2026-06-11,2026-05-14
RCX,"The Queen Elizabeth Hospital, King's Lynn, NHS Foundation Trust",T6Y0W,NHS Norfolk and Suffolk Integrated Care Board,EAST OF ENGLAND,2026-06/System-Mapping-Apr-26.xls,2026-04-01,2026-06-11,2026-05-14
RD1,Royal United Hospitals Bath NHS Foundation Trust,QOX,"NHS Bath And North East Somerset, Swindon And Wiltshire Integrated Care Board",SOUTH WEST,2026-06/System-Mapping-Apr-26.xls,2026-04-01,2026-06-11,2026-05-14
RD8,Milton Keynes University Hospital NHS Foundation Trust,S1Y5D,NHS Central East Integrated Care Board,EAST OF ENGLAND,2026-06/System-Mapping-Apr-26.xls,2026-04-01,2026-06-11,2026-05-14
RDE,East Suffolk And North Essex NHS Foundation Trust,T6Y0W,NHS Norfolk and Suffolk Integrated Care Board,EAST OF ENGLAND,2026-06/System-Mapping-Apr-26.xls,2026-04-01,2026-06-11,2026-05-14
RDR,Sussex Community NHS Foundation Trust,S9B9J,NHS Surrey and Sussex Integrated Care Board,SOUTH EAST,2026-06/System-Mapping-Apr-26.xls,2026-04-01,2026-06-11,2026-05-14
RDU,Frimley Health NHS Foundation Trust,S0E4D,NHS Thames Valley Integrated Care Board,SOUTH EAST,2026-06/System-Mapping-Apr-26.xls,2026-04-01,2026-06-11,2026-05-14
RDY,Dorset Healthcare University NHS Foundation Trust,QVV,NHS Dorset Integrated Care Board,SOUTH WEST,2026-06/System-Mapping-Apr-26.xls,2026-04-01,2026-06-11,2026-05-14
REF,Royal Cornwall Hospitals NHS Trust,QT6,NHS Cornwall And The Isles Of Scilly Integrated Care Board,SOUTH WEST,2026-06/System-Mapping-Apr-26.xls,2026-04-01,2026-06-11,2026-05-14
REM,Liverpool University Hospitals NHS Foundation Trust,QYG,NHS Cheshire And Merseyside Integrated Care Board,NORTH WEST,2026-06/System-Mapping-Apr-26.xls,2026-04-01,2026-06-11,2026-05-14
REP,Liverpool Women's NHS Foundation Trust,QYG,NHS Cheshire And Merseyside Integrated Care Board,NORTH WEST,2026-06/System-Mapping-Apr-26.xls,2026-04-01,2026-06-11,2026-05-14
RET,The Walton Centre NHS Foundation Trust,QYG,NHS Cheshire And Merseyside Integrated Care Board,NORTH WEST,2026-06/System-Mapping-Apr-26.xls,2026-04-01,2026-06-11,2026-05-14
RF4,"Barking, Havering And Redbridge University Hospitals NHS Trust",QMF,NHS North East London Integrated Care Board,LONDON,2026-06/System-Mapping-Apr-26.xls,2026-04-01,2026-06-11,2026-05-14
RFF,Barnsley Hospital NHS Foundation Trust,QF7,NHS South Yorkshire Integrated Care Board,NORTH EAST AND YORKSHIRE,2026-06/System-Mapping-Apr-26.xls,2026-04-01,2026-06-11,2026-05-14
RFR,The Rotherham NHS Foundation Trust,QF7,NHS South Yorkshire Integrated Care Board,NORTH EAST AND YORKSHIRE,2026-06/System-Mapping-Apr-26.xls,2026-04-01,2026-06-11,2026-05-14
RFS,Chesterfield Royal Hospital NHS Foundation Trust,QJ2,NHS Derby And Derbyshire Integrated Care Board,MIDLANDS,2026-06/System-Mapping-Apr-26.xls,2026-04-01,2026-06-11,2026-05-14
RGN,North West Anglia NHS Foundation Trust,S1Y5D,NHS Central East Integrated Care Board,EAST OF ENGLAND,2026-06/System-Mapping-Apr-26.xls,2026-04-01,2026-06-11,2026-05-14
RGP,James Paget University Hospitals NHS Foundation Trust,T6Y0W,NHS Norfolk and Suffolk Integrated Care Board,EAST OF ENGLAND,2026-06/System-Mapping-Apr-26.xls,2026-04-01,2026-06-11,2026-05-14
RGR,West Suffolk NHS Foundation Trust,T6Y0W,NHS Norfolk and Suffolk Integrated Care Board,EAST OF ENGLAND,2026-06/System-Mapping-Apr-26.xls,2026-04-01,2026-06-11,2026-05-14
RGT,Cambridge University Hospitals NHS Foundation Trust,S1Y5D,NHS Central East Integrated Care Board,EAST OF ENGLAND,2026-06/System-Mapping-Apr-26.xls,2026-04-01,2026-06-11,2026-05-14
RH5,Somerset NHS Foundation Trust,QSL,NHS Somerset Integrated Care Board,SOUTH WEST,2026-06/System-Mapping-Apr-26.xls,2026-04-01,2026-06-11,2026-05-14
RH8,Royal Devon University Healthcare NHS Foundation Trust,QJK,NHS Devon Integrated Care Board,SOUTH WEST,2026-06/System-Mapping-Apr-26.xls,2026-04-01,2026-06-11,2026-05-14
RHM,University Hospital Southampton NHS Foundation Trust,QRL,NHS Hampshire And Isle Of Wight Integrated Care Board,SOUTH EAST,2026-06/System-Mapping-Apr-26.xls,2026-04-01,2026-06-11,2026-05-14
RHQ,Sheffield Teaching Hospitals NHS Foundation Trust,QF7,NHS South Yorkshire Integrated Care Board,NORTH EAST AND YORKSHIRE,2026-06/System-Mapping-Apr-26.xls,2026-04-01,2026-06-11,2026-05-14
RHU,Portsmouth Hospitals University National Health Service Trust,QRL,NHS Hampshire And Isle Of Wight Integrated Care Board,SOUTH EAST,2026-06/System-Mapping-Apr-26.xls,2026-04-01,2026-06-11,2026-05-14
RHW,Royal Berkshire NHS Foundation Trust,S0E4D,NHS Thames Valley Integrated Care Board,SOUTH EAST,2026-06/System-Mapping-Apr-26.xls,2026-04-01,2026-06-11,2026-05-14
RJ1,Guy's And St Thomas' NHS Foundation Trust,QKK,NHS South East London Integrated Care Board,LONDON,2026-06/System-Mapping-Apr-26.xls,2026-04-01,2026-06-11,2026-05-14
RJ2,Lewisham And Greenwich NHS Trust,QKK,NHS South East London Integrated Care Board,LONDON,2026-06/System-Mapping-Apr-26.xls,2026-04-01,2026-06-11,2026-05-14
RJ6,Croydon Health Services NHS Trust,QWE,NHS South West London Integrated Care Board,LONDON,2026-06/System-Mapping-Apr-26.xls,2026-04-01,2026-06-11,2026-05-14
RJ7,St George's University Hospitals NHS Foundation Trust,QWE,NHS South West London Integrated Care Board,LONDON,2026-06/System-Mapping-Apr-26.xls,2026-04-01,2026-06-11,2026-05-14
RJ8,Cornwall Partnership NHS Foundation Trust,QT6,NHS Cornwall And The Isles Of Scilly Integrated Care Board,SOUTH WEST,2026-06/System-Mapping-Apr-26.xls,2026-04-01,2026-06-11,2026-05-14
RJC,South Warwickshire University NHS Foundation Trust,QWU,NHS Coventry And Warwickshire Integrated Care Board,MIDLANDS,2026-06/System-Mapping-Apr-26.xls,2026-04-01,2026-06-11,2026-05-14
RJE,University Hospitals Of North Midlands NHS Trust,QNC,NHS Staffordshire And Stoke-On-Trent Integrated Care Board,MIDLANDS,2026-06/System-Mapping-Apr-26.xls,2026-04-01,2026-06-11,2026-05-14
RJL,Northern Lincolnshire And Goole NHS Foundation Trust,QOQ,NHS Humber And North Yorkshire Integrated Care Board,NORTH EAST AND YORKSHIRE,2026-06/System-Mapping-Apr-26.xls,2026-04-01,2026-06-11,2026-05-14
RJN,East Cheshire NHS Trust,QYG,NHS Cheshire And Merseyside Integrated Care Board,NORTH WEST,2026-06/System-Mapping-Apr-26.xls,2026-04-01,2026-06-11,2026-05-14
RJR,Countess Of Chester Hospital NHS Foundation Trust,QYG,NHS Cheshire And Merseyside Integrated Care Board,NORTH WEST,2026-06/System-Mapping-Apr-26.xls,2026-04-01,2026-06-11,2026-05-14
RJZ,King's College Hospital NHS Foundation Trust,QKK,NHS South East London Integrated Care Board,LONDON,2026-06/System-Mapping-Apr-26.xls,2026-04-01,2026-06-11,2026-05-14
RK5,Sherwood Forest Hospitals NHS Foundation Trust,QT1,NHS Nottingham And Nottinghamshire Integrated Care Board,MIDLANDS,2026-06/System-Mapping-Apr-26.xls,2026-04-01,2026-06-11,2026-05-14
RK9,University Hospitals Plymouth NHS Trust,QJK,NHS Devon Integrated Care Board,SOUTH WEST,2026-06/System-Mapping-Apr-26.xls,2026-04-01,2026-06-11,2026-05-14
RKB,University Hospitals Coventry And Warwickshire NHS Trust,QWU,NHS Coventry And Warwickshire Integrated Care Board,MIDLANDS,2026-06/System-Mapping-Apr-26.xls,2026-04-01,2026-06-11,2026-05-14
RKE,Whittington Health NHS Trust,Z9B2Z,NHS West and North London Integrated Care Board,LONDON,2026-06/System-Mapping-Apr-26.xls,2026-04-01,2026-06-11,2026-05-14
RL1,The Robert Jones And Agnes Hunt Orthopaedic Hospital NHS Foundation Trust,QOC,"NHS Shropshire, Telford And Wrekin Integrated Care Board",MIDLANDS,2026-06/System-Mapping-Apr-26.xls,2026-04-01,2026-06-11,2026-05-14
RL4,The Royal Wolverhampton NHS Trust,QUA,NHS Black Country Integrated Care Board,MIDLANDS,2026-06/System-Mapping-Apr-26.xls,2026-04-01,2026-06-11,2026-05-14
RLQ,Wye Valley NHS Trust,QGH,NHS Herefordshire And Worcestershire Integrated Care Board,MIDLANDS,2026-06/System-Mapping-Apr-26.xls,2026-04-01,2026-06-11,2026-05-14
RLT,George Eliot Hospital NHS Trust,QWU,NHS Coventry And Warwickshire Integrated Care Board,MIDLANDS,2026-06/System-Mapping-Apr-26.xls,2026-04-01,2026-06-11,2026-05-14
RM1,Norfolk And Norwich University Hospitals NHS Foundation Trust,T6Y0W,NHS Norfolk and Suffolk Integrated Care Board,EAST OF ENGLAND,2026-06/System-Mapping-Apr-26.xls,2026-04-01,2026-06-11,2026-05-14
RM3,Northern Care Alliance NHS Foundation Trust,QOP,NHS Greater Manchester Integrated Care Board,NORTH WEST,2026-06/System-Mapping-Apr-26.xls,2026-04-01,2026-06-11,2026-05-14
RMC,Bolton NHS Foundation Trust,QOP,NHS Greater Manchester Integrated Care Board,NORTH WEST,2026-06/System-Mapping-Apr-26.xls,2026-04-01,2026-06-11,2026-05-14
RMP,Tameside And Glossop Integrated Care NHS Foundation Trust,QOP,NHS Greater Manchester Integrated Care Board,NORTH WEST,2026-06/System-Mapping-Apr-26.xls,2026-04-01,2026-06-11,2026-05-14
RN3,Great Western Hospitals NHS Foundation Trust,QOX,"NHS Bath And North East Somerset, Swindon And Wiltshire Integrated Care Board",SOUTH WEST,2026-06/System-Mapping-Apr-26.xls,2026-04-01,2026-06-11,2026-05-14
RN5,Hampshire Hospitals NHS Foundation Trust,QRL,NHS Hampshire And Isle Of Wight Integrated Care Board,SOUTH EAST,2026-06/System-Mapping-Apr-26.xls,2026-04-01,2026-06-11,2026-05-14
RN7,Dartford And Gravesham NHS Trust,QKS,NHS Kent And Medway Integrated Care Board,SOUTH EAST,2026-06/System-Mapping-Apr-26.xls,2026-04-01,2026-06-11,2026-05-14
RNA,The Dudley Group NHS Foundation Trust,QUA,NHS Black Country Integrated Care Board,MIDLANDS,2026-06/System-Mapping-Apr-26.xls,2026-04-01,2026-06-11,2026-05-14
RNN,North Cumbria Integrated Care NHS Foundation Trust,QHM,NHS North East And North Cumbria Integrated Care Board,NORTH EAST AND YORKSHIRE,2026-06/System-Mapping-Apr-26.xls,2026-04-01,2026-06-11,2026-05-14
RNQ,Kettering General Hospital NHS Foundation Trust,QPM,NHS Northamptonshire Integrated Care Board,MIDLANDS,2026-06/System-Mapping-Apr-26.xls,2026-04-01,2026-06-11,2026-05-14
RNS,Northampton General Hospital NHS Trust,QPM,NHS Northamptonshire Integrated Care Board,MIDLANDS,2026-06/System-Mapping-Apr-26.xls,2026-04-01,2026-06-11,2026-05-14
RNU,Oxford Health NHS Foundation Trust,S0E4D,NHS Thames Valley Integrated Care Board,SOUTH EAST,2026-06/System-Mapping-Apr-26.xls,2026-04-01,2026-06-11,2026-05-14
RNZ,Salisbury NHS Foundation Trust,QOX,"NHS Bath And North East Somerset, Swindon And Wiltshire Integrated Care Board",SOUTH WEST,2026-06/System-Mapping-Apr-26.xls,2026-04-01,2026-06-11,2026-05-14
RP5,Doncaster And Bassetlaw Teaching Hospitals NHS Foundation Trust,QF7,NHS South Yorkshire Integrated Care Board,NORTH EAST AND YORKSHIRE,2026-06/System-Mapping-Apr-26.xls,2026-04-01,2026-06-11,2026-05-14
RP6,Moorfields Eye Hospital NHS Foundation Trust,Z9B2Z,NHS West and North London Integrated Care Board,LONDON,2026-06/System-Mapping-Apr-26.xls,2026-04-01,2026-06-11,2026-05-14
RPA,Medway NHS Foundation Trust,QKS,NHS Kent And Medway Integrated Care Board,SOUTH EAST,2026-06/System-Mapping-Apr-26.xls,2026-04-01,2026-06-11,2026-05-14
RPC,Queen Victoria Hospital NHS Foundation Trust,S9B9J,NHS Surrey and Sussex Integrated Care Board,SOUTH EAST,2026-06/System-Mapping-Apr-26.xls,2026-04-01,2026-06-11,2026-05-14
RQ3,Birmingham Women's And Children's NHS Foundation Trust,QHL,NHS Birmingham And Solihull Integrated Care Board,MIDLANDS,2026-06/System-Mapping-Apr-26.xls,2026-04-01,2026-06-11,2026-05-14
RQM,Chelsea And Westminster Hospital NHS Foundation Trust,Z9B2Z,NHS West and North London Integrated Care Board,LONDON,2026-06/System-Mapping-Apr-26.xls,2026-04-01,2026-06-11,2026-05-14
RQW,The Princess Alexandra Hospital NHS Trust,D7T5G,NHS Essex Integrated Care Board,EAST OF ENGLAND,2026-06/System-Mapping-Apr-26.xls,2026-04-01,2026-06-11,2026-05-14
RQX,Homerton Healthcare NHS Foundation Trust,QMF,NHS North East London Integrated Care Board,LONDON,2026-06/System-Mapping-Apr-26.xls,2026-04-01,2026-06-11,2026-05-14
RR7,Gateshead Health NHS Foundation Trust,QHM,NHS North East And North Cumbria Integrated Care Board,NORTH EAST AND YORKSHIRE,2026-06/System-Mapping-Apr-26.xls,2026-04-01,2026-06-11,2026-05-14
RR8,Leeds Teaching Hospitals NHS Trust,QWO,NHS West Yorkshire Integrated Care Board,NORTH EAST AND YORKSHIRE,2026-06/System-Mapping-Apr-26.xls,2026-04-01,2026-06-11,2026-05-14
RRF,"Wrightington, Wigan And Leigh NHS Foundation Trust",QOP,NHS Greater Manchester Integrated Care Board,NORTH WEST,2026-06/System-Mapping-Apr-26.xls,2026-04-01,2026-06-11,2026-05-14
RRK,University Hospitals Birmingham NHS Foundation Trust,QHL,NHS Birmingham And Solihull Integrated Care Board,MIDLANDS,2026-06/System-Mapping-Apr-26.xls,2026-04-01,2026-06-11,2026-05-14
RRV,University College London Hospitals NHS Foundation Trust,Z9B2Z,NHS West and North London Integrated Care Board,LONDON,2026-06/System-Mapping-Apr-26.xls,2026-04-01,2026-06-11,2026-05-14
RTD,The Newcastle Upon Tyne Hospitals NHS Foundation Trust,QHM,NHS North East And North Cumbria Integrated Care Board,NORTH EAST AND YORKSHIRE,2026-06/System-Mapping-Apr-26.xls,2026-04-01,2026-06-11,2026-05-14
RTE,Gloucestershire Hospitals NHS Foundation Trust,QR1,NHS Gloucestershire Integrated Care Board,SOUTH WEST,2026-06/System-Mapping-Apr-26.xls,2026-04-01,2026-06-11,2026-05-14
RTF,Northumbria Healthcare NHS Foundation Trust,QHM,NHS North East And North Cumbria Integrated Care Board,NORTH EAST AND YORKSHIRE,2026-06/System-Mapping-Apr-26.xls,2026-04-01,2026-06-11,2026-05-14
RTG,University Hospitals Of Derby And Burton NHS Foundation Trust,QJ2,NHS Derby And Derbyshire Integrated Care Board,MIDLANDS,2026-06/System-Mapping-Apr-26.xls,2026-04-01,2026-06-11,2026-05-14
RTH,Oxford University Hospitals NHS Foundation Trust,S0E4D,NHS Thames Valley Integrated Care Board,SOUTH EAST,2026-06/System-Mapping-Apr-26.xls,2026-04-01,2026-06-11,2026-05-14
RTK,Ashford And St Peter's Hospitals NHS Foundation Trust,S9B9J,NHS Surrey and Sussex Integrated Care Board,SOUTH EAST,2026-06/System-Mapping-Apr-26.xls,2026-04-01,2026-06-11,2026-05-14
RTP,Surrey And Sussex Healthcare NHS Trust,S9B9J,NHS Surrey and Sussex Integrated Care Board,SOUTH EAST,2026-06/System-Mapping-Apr-26.xls,2026-04-01,2026-06-11,2026-05-14
RTQ,Gloucestershire Health And Care NHS Foundation Trust,QR1,NHS Gloucestershire Integrated Care Board,SOUTH WEST,2026-06/System-Mapping-Apr-26.xls,2026-04-01,2026-06-11,2026-05-14
RTR,South Tees Hospitals NHS Foundation Trust,QHM,NHS North East And North Cumbria Integrated Care Board,NORTH EAST AND YORKSHIRE,2026-06/System-Mapping-Apr-26.xls,2026-04-01,2026-06-11,2026-05-14
RTX,University Hospitals Of Morecambe Bay NHS Foundation Trust,QE1,NHS Lancashire And South Cumbria Integrated Care Board,NORTH WEST,2026-06/System-Mapping-Apr-26.xls,2026-04-01,2026-06-11,2026-05-14
RV9,Humber Teaching NHS Foundation Trust,QOQ,NHS Humber And North Yorkshire Integrated Care Board,NORTH EAST AND YORKSHIRE,2026-06/System-Mapping-Apr-26.xls,2026-04-01,2026-06-11,2026-05-14
RVJ,North Bristol NHS Trust,QUY,"NHS Bristol, North Somerset And South Gloucestershire Integrated Care Board",SOUTH WEST,2026-06/System-Mapping-Apr-26.xls,2026-04-01,2026-06-11,2026-05-14
RVR,Epsom And St Helier University Hospitals NHS Trust,QWE,NHS South West London Integrated Care Board,LONDON,2026-06/System-Mapping-Apr-26.xls,2026-04-01,2026-06-11,2026-05-14
RVV,East Kent Hospitals University NHS Foundation Trust,QKS,NHS Kent And Medway Integrated Care Board,SOUTH EAST,2026-06/System-Mapping-Apr-26.xls,2026-04-01,2026-06-11,2026-05-14
RVW,North Tees And Hartlepool NHS Foundation Trust,QHM,NHS North East And North Cumbria Integrated Care Board,NORTH EAST AND YORKSHIRE,2026-06/System-Mapping-Apr-26.xls,2026-04-01,2026-06-11,2026-05-14
RW1,Southern Health NHS Foundation Trust,QRL,NHS Hampshire And Isle Of Wight Integrated Care Board,SOUTH EAST,2026-06/System-Mapping-Apr-26.xls,2026-04-01,2026-06-11,2026-05-14
RW4,Mersey Care NHS Foundation Trust,QYG,NHS Cheshire And Merseyside Integrated Care Board,NORTH WEST,2026-06/System-Mapping-Apr-26.xls,2026-04-01,2026-06-11,2026-05-14
RWA,Hull University Teaching Hospitals NHS Trust,QOQ,NHS Humber And North Yorkshire Integrated Care Board,NORTH EAST AND YORKSHIRE,2026-06/System-Mapping-Apr-26.xls,2026-04-01,2026-06-11,2026-05-14
RWD,United Lincolnshire Teaching Hospitals NHS Trust,QJM,NHS Lincolnshire Integrated Care Board,MIDLANDS,2026-06/System-Mapping-Apr-26.xls,2026-04-01,2026-06-11,2026-05-14
RWE,University Hospitals Of Leicester NHS Trust,QK1,"NHS Leicester, Leicestershire And Rutland Integrated Care Board",MIDLANDS,2026-06/System-Mapping-Apr-26.xls,2026-04-01,2026-06-11,2026-05-14
RWF,Maidstone And Tunbridge Wells NHS Trust,QKS,NHS Kent And Medway Integrated Care Board,SOUTH EAST,2026-06/System-Mapping-Apr-26.xls,2026-04-01,2026-06-11,2026-05-14
RWG,West Hertfordshire Teaching Hospitals NHS Trust,S1Y5D,NHS Central East Integrated Care Board,EAST OF ENGLAND,2026-06/System-Mapping-Apr-26.xls,2026-04-01,2026-06-11,2026-05-14
RWH,East And North Hertfordshire NHS Trust,S1Y5D,NHS Central East Integrated Care Board,EAST OF ENGLAND,2026-06/System-Mapping-Apr-26.xls,2026-04-01,2026-06-11,2026-05-14
RWJ,Stockport NHS Foundation Trust,QOP,NHS Greater Manchester Integrated Care Board,NORTH WEST,2026-06/System-Mapping-Apr-26.xls,2026-04-01,2026-06-11,2026-05-14
RWP,Worcestershire Acute Hospitals NHS Trust,QGH,NHS Herefordshire And Worcestershire Integrated Care Board,MIDLANDS,2026-06/System-Mapping-Apr-26.xls,2026-04-01,2026-06-11,2026-05-14
RWW,North Cheshire and Mersey NHS Foundation Trust,QYG,NHS Cheshire And Merseyside Integrated Care Board,NORTH WEST,2026-06/System-Mapping-Apr-26.xls,2026-04-01,2026-06-11,2026-05-14
RWX,Berkshire Healthcare NHS Foundation Trust,S0E4D,NHS Thames Valley Integrated Care Board,SOUTH EAST,2026-06/System-Mapping-Apr-26.xls,2026-04-01,2026-06-11,2026-05-14
RWY,Calderdale And Huddersfield NHS Foundation Trust,QWO,NHS West Yorkshire Integrated Care Board,NORTH EAST AND YORKSHIRE,2026-06/System-Mapping-Apr-26.xls,2026-04-01,2026-06-11,2026-05-14
RX1,Nottingham University Hospitals NHS Trust,QT1,NHS Nottingham And Nottinghamshire Integrated Care Board,MIDLANDS,2026-06/System-Mapping-Apr-26.xls,2026-04-01,2026-06-11,2026-05-14
RXC,East Sussex Healthcare NHS Trust,S9B9J,NHS Surrey and Sussex Integrated Care Board,SOUTH EAST,2026-06/System-Mapping-Apr-26.xls,2026-04-01,2026-06-11,2026-05-14
RXF,Mid Yorkshire Hospitals NHS Trust,QWO,NHS West Yorkshire Integrated Care Board,NORTH EAST AND YORKSHIRE,2026-06/System-Mapping-Apr-26.xls,2026-04-01,2026-06-11,2026-05-14
RXG,South West Yorkshire Partnership NHS Foundation Trust,QWO,NHS West Yorkshire Integrated Care Board,NORTH EAST AND YORKSHIRE,2026-06/System-Mapping-Apr-26.xls,2026-04-01,2026-06-11,2026-05-14
RXK,Sandwell And West Birmingham Hospitals NHS Trust,QUA,NHS Black Country Integrated Care Board,MIDLANDS,2026-06/System-Mapping-Apr-26.xls,2026-04-01,2026-06-11,2026-05-14
RXL,Blackpool Teaching Hospitals NHS Foundation Trust,QE1,NHS Lancashire And South Cumbria Integrated Care Board,NORTH WEST,2026-06/System-Mapping-Apr-26.xls,2026-04-01,2026-06-11,2026-05-14
RXN,Lancashire Teaching Hospitals NHS Foundation Trust,QE1,NHS Lancashire And South Cumbria Integrated Care Board,NORTH WEST,2026-06/System-Mapping-Apr-26.xls,2026-04-01,2026-06-11,2026-05-14
RXP,County Durham And Darlington NHS Foundation Trust,QHM,NHS North East And North Cumbria Integrated Care Board,NORTH EAST AND YORKSHIRE,2026-06/System-Mapping-Apr-26.xls,2026-04-01,2026-06-11,2026-05-14
RXQ,Buckinghamshire Healthcare NHS Trust,S0E4D,NHS Thames Valley Integrated Care Board,SOUTH EAST,2026-06/System-Mapping-Apr-26.xls,2026-04-01,2026-06-11,2026-05-14
RXR,East Lancashire Hospitals NHS Trust,QE1,NHS Lancashire And South Cumbria Integrated Care Board,NORTH WEST,2026-06/System-Mapping-Apr-26.xls,2026-04-01,2026-06-11,2026-05-14
RXW,The Shrewsbury And Telford Hospital NHS Trust,QOC,"NHS Shropshire, Telford And Wrekin Integrated Care Board",MIDLANDS,2026-06/System-Mapping-Apr-26.xls,2026-04-01,2026-06-11,2026-05-14
RY2,Bridgewater Community Healthcare NHS Foundation Trust,QYG,NHS Cheshire And Merseyside Integrated Care Board,NORTH WEST,2026-06/System-Mapping-Apr-26.xls,2026-04-01,2026-06-11,2026-05-14
RY4,Hertfordshire Community NHS Trust,S1Y5D,NHS Central East Integrated Care Board,EAST OF ENGLAND,2026-06/System-Mapping-Apr-26.xls,2026-04-01,2026-06-11,2026-05-14
RY5,Lincolnshire Community Health Services NHS Trust,QJM,NHS Lincolnshire Integrated Care Board,MIDLANDS,2026-06/System-Mapping-Apr-26.xls,2026-04-01,2026-06-11,2026-05-14
RY7,Wirral Community Health And Care NHS Foundation Trust,QYG,NHS Cheshire And Merseyside Integrated Care Board,NORTH WEST,2026-06/System-Mapping-Apr-26.xls,2026-04-01,2026-06-11,2026-05-14
RY8,Derbyshire Community Health Services NHS Foundation Trust,QJ2,NHS Derby And Derbyshire Integrated Care Board,MIDLANDS,2026-06/System-Mapping-Apr-26.xls,2026-04-01,2026-06-11,2026-05-14
RY9,Hounslow And Richmond Community Healthcare NHS Trust,QWE,NHS South West London Integrated Care Board,LONDON,2026-06/System-Mapping-Apr-26.xls,2026-04-01,2026-06-11,2026-05-14
RYF,South Western Ambulance Service NHS Foundation Trust,QJK,NHS Devon Integrated Care Board,SOUTH WEST,2026-06/System-Mapping-Apr-26.xls,2026-04-01,2026-06-11,2026-05-14
RYG,Coventry and Warwickshire Partnership NHS Trust,QWU,NHS Coventry And Warwickshire Integrated Care Board,MIDLANDS,2026-06/System-Mapping-Apr-26.xls,2026-04-01,2026-06-11,2026-05-14
RYJ,Imperial College Healthcare NHS Trust,Z9B2Z,NHS West and North London Integrated Care Board,LONDON,2026-06/System-Mapping-Apr-26.xls,2026-04-01,2026-06-11,2026-05-14
RYR,University Hospitals Sussex NHS Foundation Trust,S9B9J,NHS Surrey and Sussex Integrated Care Board,SOUTH EAST,2026-06/System-Mapping-Apr-26.xls,2026-04-01,2026-06-11,2026-05-14
RYX,Central London Community Healthcare NHS Trust,Z9B2Z,NHS West and North London Integrated Care Board,LONDON,2026-06/System-Mapping-Apr-26.xls,2026-04-01,2026-06-11,2026-05-14
RYY,Kent Community Health NHS Foundation Trust,QKS,NHS Kent And Medway Integrated Care Board,SOUTH EAST,2026-06/System-Mapping-Apr-26.xls,2026-04-01,2026-06-11,2026-05-14
Y02428,Putnoe Medical Centre Walk In Centre,S1Y5D,NHS Central East Integrated Care Board,EAST OF ENGLAND,2026-06/System-Mapping-Apr-26.xls,2026-04-01,2026-06-11,2026-05-14
Y02532,Miriam Minor Emergency,QYG,NHS Cheshire And Merseyside Integrated Care Board,NORTH WEST,2026-06/System-Mapping-Apr-26.xls,2026-04-01,2026-06-11,2026-05-14
Y02676,Brighton Station Health Centre,S9B9J,NHS Surrey and Sussex Integrated Care Board,SOUTH EAST,2026-06/System-Mapping-Apr-26.xls,2026-04-01,2026-06-11,2026-05-14
Y03218,The Pinn Unregistered Wic,Z9B2Z,NHS West and North London Integrated Care Board,LONDON,2026-06/System-Mapping-Apr-26.xls,2026-04-01,2026-06-11,2026-05-14
Y03571,Corby Urgent Care Centre,QPM,NHS Northamptonshire Integrated Care Board,MIDLANDS,2026-06/System-Mapping-Apr-26.xls,2026-04-01,2026-06-11,2026-05-14
Y04538,Bracknell Urgent Care Centre Wic,S0E4D,NHS Thames Valley Integrated Care Board,SOUTH EAST,2026-06/System-Mapping-Apr-26.xls,2026-04-01,2026-06-11,2026-05-14
