org_code,org_name,stp_name,region_label,source
RF4,"BARKING, HAVERING AND REDBRIDGE UNIVERSITY HOSPITALS NHS TRUST",North East London,LONDON COMMISSIONING REGION,2026-08/Acute-Trust-Attribution-File.xls
R1H,BARTS HEALTH NHS TRUST,North East London,LONDON COMMISSIONING REGION,2026-08/Acute-Trust-Attribution-File.xls
AD913,BECKENHAM BEACON UCC,South East London,LONDON COMMISSIONING REGION,2026-08/Acute-Trust-Attribution-File.xls
RYX,CENTRAL LONDON COMMUNITY HEALTHCARE NHS TRUST,North West London,LONDON COMMISSIONING REGION,2026-08/Acute-Trust-Attribution-File.xls
RQM,CHELSEA AND WESTMINSTER HOSPITAL NHS FOUNDATION TRUST,North West London,LONDON COMMISSIONING REGION,2026-08/Acute-Trust-Attribution-File.xls
RJ6,CROYDON HEALTH SERVICES NHS TRUST,South West London,LONDON COMMISSIONING REGION,2026-08/Acute-Trust-Attribution-File.xls
Y02696,EDMONTON GP WALK IN CENTRE,North Central London,LONDON COMMISSIONING REGION,2026-08/Acute-Trust-Attribution-File.xls
NX122,EDRIDGE ROAD COMMUNITY HEALTH CENTRE,South West London,LONDON COMMISSIONING REGION,2026-08/Acute-Trust-Attribution-File.xls
RVR,EPSOM AND ST HELIER UNIVERSITY HOSPITALS NHS TRUST,South West London,LONDON COMMISSIONING REGION,2026-08/Acute-Trust-Attribution-File.xls
RJ1,GUY'S AND ST THOMAS' NHS FOUNDATION TRUST,South East London,LONDON COMMISSIONING REGION,2026-08/Acute-Trust-Attribution-File.xls
Y03082,HAROLD WOOD WALK IN CENTRE,North East London,LONDON COMMISSIONING REGION,2026-08/Acute-Trust-Attribution-File.xls
RQX,HOMERTON UNIVERSITY HOSPITAL NHS FOUNDATION TRUST,North East London,LONDON COMMISSIONING REGION,2026-08/Acute-Trust-Attribution-File.xls
RY9,HOUNSLOW AND RICHMOND COMMUNITY HEALTHCARE NHS TRUST,South West London,LONDON COMMISSIONING REGION,2026-08/Acute-Trust-Attribution-File.xls
RYJ,IMPERIAL COLLEGE HEALTHCARE NHS TRUST,North West London,LONDON COMMISSIONING REGION,2026-08/Acute-Trust-Attribution-File.xls
RJZ,KING'S COLLEGE HOSPITAL NHS FOUNDATION TRUST,South East London,LONDON COMMISSIONING REGION,2026-08/Acute-Trust-Attribution-File.xls
RAX,KINGSTON AND RICHMOND NHS FOUNDATION TRUST,South West London,LONDON COMMISSIONING REGION,2026-08/Acute-Trust-Attribution-File.xls
RJ2,LEWISHAM AND GREENWICH NHS TRUST,South East London,LONDON COMMISSIONING REGION,2026-08/Acute-Trust-Attribution-File.xls
R1K,LONDON NORTH WEST HEALTHCARE NHS TRUST,North West London,LONDON COMMISSIONING REGION,2026-08/Acute-Trust-Attribution-File.xls
RP6,MOORFIELDS EYE HOSPITAL NHS FOUNDATION TRUST,North Central London,LONDON COMMISSIONING REGION,2026-08/Acute-Trust-Attribution-File.xls
RAT,NORTH EAST LONDON NHS FOUNDATION TRUST,North East London,LONDON COMMISSIONING REGION,2026-08/Acute-Trust-Attribution-File.xls
Y02973,ORCHARD VILLAGE WALK-IN-CENTRE,North East London,LONDON COMMISSIONING REGION,2026-08/Acute-Trust-Attribution-File.xls
AF003,PARKWAY MIU,South West London,LONDON COMMISSIONING REGION,2026-08/Acute-Trust-Attribution-File.xls
AF002,PURLEY MIU,South West London,LONDON COMMISSIONING REGION,2026-08/Acute-Trust-Attribution-File.xls
RT3,ROYAL BROMPTON & HAREFIELD NHS FOUNDATION TRUST,North West London,LONDON COMMISSIONING REGION,2026-08/Acute-Trust-Attribution-File.xls
RAL,ROYAL FREE LONDON NHS FOUNDATION TRUST,North Central London,LONDON COMMISSIONING REGION,2026-08/Acute-Trust-Attribution-File.xls
RAN,ROYAL NATIONAL ORTHOPAEDIC HOSPITAL NHS TRUST,North Central London,LONDON COMMISSIONING REGION,2026-08/Acute-Trust-Attribution-File.xls
Y03047,ST ANDREWS WALK-IN CENTRE,North East London,LONDON COMMISSIONING REGION,2026-08/Acute-Trust-Attribution-File.xls
RJ7,ST GEORGE'S UNIVERSITY HOSPITALS NHS FOUNDATION TRUST,South West London,LONDON COMMISSIONING REGION,2026-08/Acute-Trust-Attribution-File.xls
F84747,THE BARKANTINE PRACTICE,North East London,LONDON COMMISSIONING REGION,2026-08/Acute-Trust-Attribution-File.xls
RAS,THE HILLINGDON HOSPITALS NHS FOUNDATION TRUST,North West London,LONDON COMMISSIONING REGION,2026-08/Acute-Trust-Attribution-File.xls
Y03094,THE JUNCTION HC - UNREGISTERED PATIENTS,South West London,LONDON COMMISSIONING REGION,2026-08/Acute-Trust-Attribution-File.xls
E84068,THE RIDGEWAY SURGERY,North West London,LONDON COMMISSIONING REGION,2026-08/Acute-Trust-Attribution-File.xls
RKE,THE WHITTINGTON HEALTH NHS TRUST,North Central London,LONDON COMMISSIONING REGION,2026-08/Acute-Trust-Attribution-File.xls
RRV,UNIVERSITY COLLEGE LONDON HOSPITALS NHS FOUNDATION TRUST,North Central London,LONDON COMMISSIONING REGION,2026-08/Acute-Trust-Attribution-File.xls
Y02147,URGENT CARE CENTRE,South East London,LONDON COMMISSIONING REGION,2026-08/Acute-Trust-Attribution-File.xls
Y03201,WALDRON - HURLEY UNREGISTERED PRACTICE,South East London,LONDON COMMISSIONING REGION,2026-08/Acute-Trust-Attribution-File.xls
NL7,ASSURA VERTIS URGENT CARE CENTRES (BIRMINGHAM),Birmingham and Solihull,MIDLANDS AND EAST OF ENGLAND COMMISSIONING REGION,2026-08/Acute-Trust-Attribution-File.xls
8J094,BADGER LTD,Birmingham and Solihull,MIDLANDS AND EAST OF ENGLAND COMMISSIONING REGION,2026-08/Acute-Trust-Attribution-File.xls
RDD,BASILDON AND THURROCK UNIVERSITY HOSPITALS NHS FOUNDATION TRUST,Mid and South Essex,MIDLANDS AND EAST OF ENGLAND COMMISSIONING REGION,2026-08/Acute-Trust-Attribution-File.xls
RC9,BEDFORDSHIRE HOSPITALS NHS FOUNDATION TRUST,"Milton Keynes, Bedfordshire and Luton",MIDLANDS AND EAST OF ENGLAND COMMISSIONING REGION,2026-08/Acute-Trust-Attribution-File.xls
M85813,BIRMINGHAM WIC,Birmingham and Solihull,MIDLANDS AND EAST OF ENGLAND COMMISSIONING REGION,2026-08/Acute-Trust-Attribution-File.xls
RQ3,BIRMINGHAM WOMEN'S AND CHILDREN'S NHS FOUNDATION TRUST,Birmingham and Solihull,MIDLANDS AND EAST OF ENGLAND COMMISSIONING REGION,2026-08/Acute-Trust-Attribution-File.xls
RJF,BURTON HOSPITALS NHS FOUNDATION TRUST,Staffordshire,MIDLANDS AND EAST OF ENGLAND COMMISSIONING REGION,2026-08/Acute-Trust-Attribution-File.xls
RGT,CAMBRIDGE UNIVERSITY HOSPITALS NHS FOUNDATION TRUST,Cambridgeshire and Peterborough,MIDLANDS AND EAST OF ENGLAND COMMISSIONING REGION,2026-08/Acute-Trust-Attribution-File.xls
RFS,CHESTERFIELD ROYAL HOSPITAL NHS FOUNDATION TRUST,Derbyshire,MIDLANDS AND EAST OF ENGLAND COMMISSIONING REGION,2026-08/Acute-Trust-Attribution-File.xls
NQ108,CLACTON HOSPITAL,Suffolk and North East Essex,MIDLANDS AND EAST OF ENGLAND COMMISSIONING REGION,2026-08/Acute-Trust-Attribution-File.xls
RDE,COLCHESTER HOSPITAL UNIVERSITY NHS FOUNDATION TRUST,Suffolk and North East Essex,MIDLANDS AND EAST OF ENGLAND COMMISSIONING REGION,2026-08/Acute-Trust-Attribution-File.xls
Y03571,CORBY URGENT CARE CENTRE,Northamptonshire,MIDLANDS AND EAST OF ENGLAND COMMISSIONING REGION,2026-08/Acute-Trust-Attribution-File.xls
RYG,COVENTRY AND WARWICKSHIRE PARTNERSHIP NHS TRUST,Coventry and Warwickshire,MIDLANDS AND EAST OF ENGLAND COMMISSIONING REGION,2026-08/Acute-Trust-Attribution-File.xls
RTG,DERBY TEACHING HOSPITALS NHS FOUNDATION TRUST,Derbyshire,MIDLANDS AND EAST OF ENGLAND COMMISSIONING REGION,2026-08/Acute-Trust-Attribution-File.xls
RY8,DERBYSHIRE COMMUNITY HEALTH SERVICES NHS FOUNDATION TRUST,Derbyshire,MIDLANDS AND EAST OF ENGLAND COMMISSIONING REGION,2026-08/Acute-Trust-Attribution-File.xls
NNJ,DERBYSHIRE HEALTH UNITED LTD,Derbyshire,MIDLANDS AND EAST OF ENGLAND COMMISSIONING REGION,2026-08/Acute-Trust-Attribution-File.xls
RWH,EAST AND NORTH HERTFORDSHIRE NHS TRUST,Hertfordshire and West Essex,MIDLANDS AND EAST OF ENGLAND COMMISSIONING REGION,2026-08/Acute-Trust-Attribution-File.xls
NAX,EAST COAST COMMUNITY HEALTHCARE C.I.C,Suffolk and North East Essex,MIDLANDS AND EAST OF ENGLAND COMMISSIONING REGION,2026-08/Acute-Trust-Attribution-File.xls
NQ106,FRYATT HOSPITAL,Suffolk and North East Essex,MIDLANDS AND EAST OF ENGLAND COMMISSIONING REGION,2026-08/Acute-Trust-Attribution-File.xls
RLT,GEORGE ELIOT HOSPITAL NHS TRUST,Coventry and Warwickshire,MIDLANDS AND EAST OF ENGLAND COMMISSIONING REGION,2026-08/Acute-Trust-Attribution-File.xls
NTPAL,GREET GENERAL PRACTICE & URGENT CARE CENTRE,Birmingham and Solihull,MIDLANDS AND EAST OF ENGLAND COMMISSIONING REGION,2026-08/Acute-Trust-Attribution-File.xls
NEH06,HAVERSTOCK HEALTHCARE (CHESHUNT COMMUNITY HOSPITAL),Hertfordshire and West Essex,MIDLANDS AND EAST OF ENGLAND COMMISSIONING REGION,2026-08/Acute-Trust-Attribution-File.xls
RR1,HEART OF ENGLAND NHS FOUNDATION TRUST,Birmingham and Solihull,MIDLANDS AND EAST OF ENGLAND COMMISSIONING REGION,2026-08/Acute-Trust-Attribution-File.xls
RY4,HERTFORDSHIRE COMMUNITY NHS TRUST,Hertfordshire and West Essex,MIDLANDS AND EAST OF ENGLAND COMMISSIONING REGION,2026-08/Acute-Trust-Attribution-File.xls
RQQ,HINCHINGBROOKE HEALTH CARE NHS TRUST,Cambridgeshire and Peterborough,MIDLANDS AND EAST OF ENGLAND COMMISSIONING REGION,2026-08/Acute-Trust-Attribution-File.xls
RGQ,IPSWICH HOSPITAL NHS TRUST,Suffolk and North East Essex,MIDLANDS AND EAST OF ENGLAND COMMISSIONING REGION,2026-08/Acute-Trust-Attribution-File.xls
RGP,JAMES PAGET UNIVERSITY HOSPITALS NHS FOUNDATION TRUST,Norfolk & Waveney,MIDLANDS AND EAST OF ENGLAND COMMISSIONING REGION,2026-08/Acute-Trust-Attribution-File.xls
RNQ,KETTERING GENERAL HOSPITAL NHS FOUNDATION TRUST,Northamptonshire,MIDLANDS AND EAST OF ENGLAND COMMISSIONING REGION,2026-08/Acute-Trust-Attribution-File.xls
C82038,LATHAM HOUSE MEDICAL PRACTICE,"Leicester, Leicestershire and Rutland",MIDLANDS AND EAST OF ENGLAND COMMISSIONING REGION,2026-08/Acute-Trust-Attribution-File.xls
RY5,LINCOLNSHIRE COMMUNITY HEALTH SERVICES NHS TRUST,Lincolnshire,MIDLANDS AND EAST OF ENGLAND COMMISSIONING REGION,2026-08/Acute-Trust-Attribution-File.xls
NJS05,LOUGHBOROUGH URGENT CARE CENTRE,"Leicester, Leicestershire and Rutland",MIDLANDS AND EAST OF ENGLAND COMMISSIONING REGION,2026-08/Acute-Trust-Attribution-File.xls
C82009,MARKET HARBOROUGH MED.CTR,"Leicester, Leicestershire and Rutland",MIDLANDS AND EAST OF ENGLAND COMMISSIONING REGION,2026-08/Acute-Trust-Attribution-File.xls
NLO11,MARKET HARBOROUGH URGENT CARE CENTRE,"Leicester, Leicestershire and Rutland",MIDLANDS AND EAST OF ENGLAND COMMISSIONING REGION,2026-08/Acute-Trust-Attribution-File.xls
NLO09,MELTON MOWBRAY URGENT CARE CENTRE,"Leicester, Leicestershire and Rutland",MIDLANDS AND EAST OF ENGLAND COMMISSIONING REGION,2026-08/Acute-Trust-Attribution-File.xls
RAJ,MID AND SOUTH ESSEX NHS FOUNDATION TRUST,Mid and South Essex,MIDLANDS AND EAST OF ENGLAND COMMISSIONING REGION,2026-08/Acute-Trust-Attribution-File.xls
RQ8,MID ESSEX HOSPITAL SERVICES NHS TRUST,Mid and South Essex,MIDLANDS AND EAST OF ENGLAND COMMISSIONING REGION,2026-08/Acute-Trust-Attribution-File.xls
RD8,MILTON KEYNES UNIVERSITY HOSPITAL NHS FOUNDATION TRUST,"Milton Keynes, Bedfordshire and Luton",MIDLANDS AND EAST OF ENGLAND COMMISSIONING REGION,2026-08/Acute-Trust-Attribution-File.xls
A5D4Q,NEMS UTC,Nottinghamshire,MIDLANDS AND EAST OF ENGLAND COMMISSIONING REGION,2026-08/Acute-Trust-Attribution-File.xls
Y02652,NHS COVENTRY HEALTHCARE & WIC,Coventry and Warwickshire,MIDLANDS AND EAST OF ENGLAND COMMISSIONING REGION,2026-08/Acute-Trust-Attribution-File.xls
RM1,NORFOLK AND NORWICH UNIVERSITY HOSPITALS NHS FOUNDATION TRUST,Norfolk & Waveney,MIDLANDS AND EAST OF ENGLAND COMMISSIONING REGION,2026-08/Acute-Trust-Attribution-File.xls
RNS,NORTHAMPTON GENERAL HOSPITAL NHS TRUST,Northamptonshire,MIDLANDS AND EAST OF ENGLAND COMMISSIONING REGION,2026-08/Acute-Trust-Attribution-File.xls
NMH01,NORWICH PRACTICES LTD (CASTLE MALL),Norfolk & Waveney,MIDLANDS AND EAST OF ENGLAND COMMISSIONING REGION,2026-08/Acute-Trust-Attribution-File.xls
NR3,NOTTINGHAM CITYCARE PARTNERSHIP,Nottinghamshire,MIDLANDS AND EAST OF ENGLAND COMMISSIONING REGION,2026-08/Acute-Trust-Attribution-File.xls
RX1,NOTTINGHAM UNIVERSITY HOSPITALS NHS TRUST,Nottinghamshire,MIDLANDS AND EAST OF ENGLAND COMMISSIONING REGION,2026-08/Acute-Trust-Attribution-File.xls
NLO10,OADBY & WIGSTON URGENT CARE CENTRE,"Leicester, Leicestershire and Rutland",MIDLANDS AND EAST OF ENGLAND COMMISSIONING REGION,2026-08/Acute-Trust-Attribution-File.xls
C82010,OAKHAM MEDICAL PRACTICE,"Leicester, Leicestershire and Rutland",MIDLANDS AND EAST OF ENGLAND COMMISSIONING REGION,2026-08/Acute-Trust-Attribution-File.xls
NLO12,OAKHAM URGENT CARE CENTRE,"Leicester, Leicestershire and Rutland",MIDLANDS AND EAST OF ENGLAND COMMISSIONING REGION,2026-08/Acute-Trust-Attribution-File.xls
RGN,PETERBOROUGH AND STAMFORD HOSPITALS NHS FOUNDATION TRUST,Cambridgeshire and Peterborough,MIDLANDS AND EAST OF ENGLAND COMMISSIONING REGION,2026-08/Acute-Trust-Attribution-File.xls
Y02428,PUTNOE MEDICAL CENTRE WALK IN CENTRE,"Milton Keynes, Bedfordshire and Luton",MIDLANDS AND EAST OF ENGLAND COMMISSIONING REGION,2026-08/Acute-Trust-Attribution-File.xls
RXK,SANDWELL AND WEST BIRMINGHAM HOSPITALS NHS TRUST,The Black Country,MIDLANDS AND EAST OF ENGLAND COMMISSIONING REGION,2026-08/Acute-Trust-Attribution-File.xls
RK5,SHERWOOD FOREST HOSPITALS NHS FOUNDATION TRUST,Nottinghamshire,MIDLANDS AND EAST OF ENGLAND COMMISSIONING REGION,2026-08/Acute-Trust-Attribution-File.xls
RXW,SHREWSBURY AND TELFORD HOSPITAL NHS TRUST,Shropshire and Telford and Wrekin,MIDLANDS AND EAST OF ENGLAND COMMISSIONING REGION,2026-08/Acute-Trust-Attribution-File.xls
R1D,SHROPSHIRE COMMUNITY HEALTH NHS TRUST,Shropshire and Telford and Wrekin,MIDLANDS AND EAST OF ENGLAND COMMISSIONING REGION,2026-08/Acute-Trust-Attribution-File.xls
Y02615,SOUTH BIRMINGHAM GP WALK IN CENTRE,Birmingham and Solihull,MIDLANDS AND EAST OF ENGLAND COMMISSIONING REGION,2026-08/Acute-Trust-Attribution-File.xls
RJC,SOUTH WARWICKSHIRE NHS FOUNDATION TRUST,Coventry and Warwickshire,MIDLANDS AND EAST OF ENGLAND COMMISSIONING REGION,2026-08/Acute-Trust-Attribution-File.xls
Y02470,SSAFA CARE WALK-IN-CENTRE,"Leicester, Leicestershire and Rutland",MIDLANDS AND EAST OF ENGLAND COMMISSIONING REGION,2026-08/Acute-Trust-Attribution-File.xls
Y02961,SUMMERFIELD GP SURG & URGENT CARE CENTRE,The Black Country,MIDLANDS AND EAST OF ENGLAND COMMISSIONING REGION,2026-08/Acute-Trust-Attribution-File.xls
RNA,THE DUDLEY GROUP NHS FOUNDATION TRUST,The Black Country,MIDLANDS AND EAST OF ENGLAND COMMISSIONING REGION,2026-08/Acute-Trust-Attribution-File.xls
RQW,THE PRINCESS ALEXANDRA HOSPITAL NHS TRUST,Hertfordshire and West Essex,MIDLANDS AND EAST OF ENGLAND COMMISSIONING REGION,2026-08/Acute-Trust-Attribution-File.xls
RCX,"THE QUEEN ELIZABETH HOSPITAL, KING'S LYNN, NHS FOUNDATION TRUST",Norfolk & Waveney,MIDLANDS AND EAST OF ENGLAND COMMISSIONING REGION,2026-08/Acute-Trust-Attribution-File.xls
RL1,THE ROBERT JONES AND AGNES HUNT ORTHOPAEDIC HOSPITAL NHS FOUNDATION TRUST,Shropshire and Telford and Wrekin,MIDLANDS AND EAST OF ENGLAND COMMISSIONING REGION,2026-08/Acute-Trust-Attribution-File.xls
RL4,THE ROYAL WOLVERHAMPTON NHS TRUST,The Black Country,MIDLANDS AND EAST OF ENGLAND COMMISSIONING REGION,2026-08/Acute-Trust-Attribution-File.xls
RWD,UNITED LINCOLNSHIRE TEACHING HOSPITALS NHS TRUST,Lincolnshire,MIDLANDS AND EAST OF ENGLAND COMMISSIONING REGION,2026-08/Acute-Trust-Attribution-File.xls
RRK,UNIVERSITY HOSPITALS BIRMINGHAM NHS FOUNDATION TRUST,Birmingham and Solihull,MIDLANDS AND EAST OF ENGLAND COMMISSIONING REGION,2026-08/Acute-Trust-Attribution-File.xls
RKB,UNIVERSITY HOSPITALS COVENTRY AND WARWICKSHIRE NHS TRUST,Coventry and Warwickshire,MIDLANDS AND EAST OF ENGLAND COMMISSIONING REGION,2026-08/Acute-Trust-Attribution-File.xls
RWE,UNIVERSITY HOSPITALS OF LEICESTER NHS TRUST,"Leicester, Leicestershire and Rutland",MIDLANDS AND EAST OF ENGLAND COMMISSIONING REGION,2026-08/Acute-Trust-Attribution-File.xls
RJE,UNIVERSITY HOSPITALS OF NORTH MIDLANDS NHS TRUST,Staffordshire,MIDLANDS AND EAST OF ENGLAND COMMISSIONING REGION,2026-08/Acute-Trust-Attribution-File.xls
RBK,WALSALL HEALTHCARE NHS TRUST,The Black Country,MIDLANDS AND EAST OF ENGLAND COMMISSIONING REGION,2026-08/Acute-Trust-Attribution-File.xls
ATQ02,WALSALL URGENT CARE CENTRE (COMMUNITY SITE),The Black Country,MIDLANDS AND EAST OF ENGLAND COMMISSIONING REGION,2026-08/Acute-Trust-Attribution-File.xls
RWG,WEST HERTFORDSHIRE HOSPITALS NHS TRUST,Hertfordshire and West Essex,MIDLANDS AND EAST OF ENGLAND COMMISSIONING REGION,2026-08/Acute-Trust-Attribution-File.xls
RGR,WEST SUFFOLK NHS FOUNDATION TRUST,Suffolk and North East Essex,MIDLANDS AND EAST OF ENGLAND COMMISSIONING REGION,2026-08/Acute-Trust-Attribution-File.xls
RWP,WORCESTERSHIRE ACUTE HOSPITALS NHS TRUST,Herefordshire and Worcestershire,MIDLANDS AND EAST OF ENGLAND COMMISSIONING REGION,2026-08/Acute-Trust-Attribution-File.xls
RLQ,WYE VALLEY NHS TRUST,Herefordshire and Worcestershire,MIDLANDS AND EAST OF ENGLAND COMMISSIONING REGION,2026-08/Acute-Trust-Attribution-File.xls
RTV,5 BOROUGHS PARTNERSHIP NHS FOUNDATION TRUST,Cheshire and Merseyside,NORTH OF ENGLAND COMMISSIONING REGION,2026-08/Acute-Trust-Attribution-File.xls
REM,AINTREE UNIVERSITY HOSPITAL NHS FOUNDATION TRUST,Cheshire and Merseyside,NORTH OF ENGLAND COMMISSIONING REGION,2026-08/Acute-Trust-Attribution-File.xls
RCF,AIREDALE NHS FOUNDATION TRUST,West Yorkshire,NORTH OF ENGLAND COMMISSIONING REGION,2026-08/Acute-Trust-Attribution-File.xls
RBS,ALDER HEY CHILDREN'S NHS FOUNDATION TRUST,Cheshire and Merseyside,NORTH OF ENGLAND COMMISSIONING REGION,2026-08/Acute-Trust-Attribution-File.xls
RFF,BARNSLEY HOSPITAL NHS FOUNDATION TRUST,South Yorkshire and Bassetlaw,NORTH OF ENGLAND COMMISSIONING REGION,2026-08/Acute-Trust-Attribution-File.xls
RXL,BLACKPOOL TEACHING HOSPITALS NHS FOUNDATION TRUST,Lancashire and South Cumbria,NORTH OF ENGLAND COMMISSIONING REGION,2026-08/Acute-Trust-Attribution-File.xls
RMC,BOLTON NHS FOUNDATION TRUST,Greater Manchester,NORTH OF ENGLAND COMMISSIONING REGION,2026-08/Acute-Trust-Attribution-File.xls
RAE,BRADFORD TEACHING HOSPITALS NHS FOUNDATION TRUST,West Yorkshire,NORTH OF ENGLAND COMMISSIONING REGION,2026-08/Acute-Trust-Attribution-File.xls
NNF09,BRANSHOLME HEALTH CENTRE,"Humber, Coast and Vale",NORTH OF ENGLAND COMMISSIONING REGION,2026-08/Acute-Trust-Attribution-File.xls
NNF16,BRIDLINGTON HOSPITAL,"Humber, Coast and Vale",NORTH OF ENGLAND COMMISSIONING REGION,2026-08/Acute-Trust-Attribution-File.xls
RY2,BRIDGEWATER COMMUNITY HEALTHCARE NHS FOUNDATION TRUST,Cheshire and Merseyside,NORTH OF ENGLAND COMMISSIONING REGION,2026-08/Acute-Trust-Attribution-File.xls
RWY,CALDERDALE AND HUDDERSFIELD NHS FOUNDATION TRUST,West Yorkshire,NORTH OF ENGLAND COMMISSIONING REGION,2026-08/Acute-Trust-Attribution-File.xls
RW3,CENTRAL MANCHESTER UNIVERSITY HOSPITALS NHS FOUNDATION TRUST,Greater Manchester,NORTH OF ENGLAND COMMISSIONING REGION,2026-08/Acute-Trust-Attribution-File.xls
RLN,CITY HOSPITALS SUNDERLAND NHS FOUNDATION TRUST,"Northumberland, Tyne and Wear",NORTH OF ENGLAND COMMISSIONING REGION,2026-08/Acute-Trust-Attribution-File.xls
RJR,COUNTESS OF CHESTER HOSPITAL NHS FOUNDATION TRUST,Cheshire and Merseyside,NORTH OF ENGLAND COMMISSIONING REGION,2026-08/Acute-Trust-Attribution-File.xls
RXP,COUNTY DURHAM AND DARLINGTON NHS FOUNDATION TRUST,"Durham, Darlington, Tees, Hambleton, Richmondshire and Whitby",NORTH OF ENGLAND COMMISSIONING REGION,2026-08/Acute-Trust-Attribution-File.xls
RNN,CUMBRIA PARTNERSHIP NHS FOUNDATION TRUST,"West, North and East Cumbria",NORTH OF ENGLAND COMMISSIONING REGION,2026-08/Acute-Trust-Attribution-File.xls
RP5,DONCASTER AND BASSETLAW TEACHING HOSPITALS NHS FOUNDATION TRUST,South Yorkshire and Bassetlaw,NORTH OF ENGLAND COMMISSIONING REGION,2026-08/Acute-Trust-Attribution-File.xls
RJN,EAST CHESHIRE NHS TRUST,Cheshire and Merseyside,NORTH OF ENGLAND COMMISSIONING REGION,2026-08/Acute-Trust-Attribution-File.xls
NNF94,EAST RIDING COMMUNITY HOSPITAL,"Humber, Coast and Vale",NORTH OF ENGLAND COMMISSIONING REGION,2026-08/Acute-Trust-Attribution-File.xls
RXR,EAST LANCASHIRE HOSPITALS NHS TRUST,Lancashire and South Cumbria,NORTH OF ENGLAND COMMISSIONING REGION,2026-08/Acute-Trust-Attribution-File.xls
NNF28,FREEDOM CENTRE,"Humber, Coast and Vale",NORTH OF ENGLAND COMMISSIONING REGION,2026-08/Acute-Trust-Attribution-File.xls
RR7,GATESHEAD HEALTH NHS FOUNDATION TRUST,"Northumberland, Tyne and Wear",NORTH OF ENGLAND COMMISSIONING REGION,2026-08/Acute-Trust-Attribution-File.xls
RCD,HARROGATE AND DISTRICT NHS FOUNDATION TRUST,West Yorkshire,NORTH OF ENGLAND COMMISSIONING REGION,2026-08/Acute-Trust-Attribution-File.xls
RWA,HULL AND EAST YORKSHIRE HOSPITALS NHS TRUST,"Humber, Coast and Vale",NORTH OF ENGLAND COMMISSIONING REGION,2026-08/Acute-Trust-Attribution-File.xls
RV9,HUMBER NHS FOUNDATION TRUST,"Humber, Coast and Vale",NORTH OF ENGLAND COMMISSIONING REGION,2026-08/Acute-Trust-Attribution-File.xls
RXN,LANCASHIRE TEACHING HOSPITALS NHS FOUNDATION TRUST,Lancashire and South Cumbria,NORTH OF ENGLAND COMMISSIONING REGION,2026-08/Acute-Trust-Attribution-File.xls
Y01231,LCD-LEEDS-OOH,West Yorkshire,NORTH OF ENGLAND COMMISSIONING REGION,2026-08/Acute-Trust-Attribution-File.xls
RR8,LEEDS TEACHING HOSPITALS NHS TRUST,West Yorkshire,NORTH OF ENGLAND COMMISSIONING REGION,2026-08/Acute-Trust-Attribution-File.xls
Y02875,LINDLEY HOUSE HEALTH CENTRE,Greater Manchester,NORTH OF ENGLAND COMMISSIONING REGION,2026-08/Acute-Trust-Attribution-File.xls
RY1,LIVERPOOL COMMUNITY HEALTH NHS TRUST,Cheshire and Merseyside,NORTH OF ENGLAND COMMISSIONING REGION,2026-08/Acute-Trust-Attribution-File.xls
RBQ,LIVERPOOL HEART AND CHEST HOSPITAL NHS FOUNDATION TRUST,Cheshire and Merseyside,NORTH OF ENGLAND COMMISSIONING REGION,2026-08/Acute-Trust-Attribution-File.xls
REP,LIVERPOOL WOMEN'S NHS FOUNDATION TRUST,Cheshire and Merseyside,NORTH OF ENGLAND COMMISSIONING REGION,2026-08/Acute-Trust-Attribution-File.xls
Y01069,LOCAL CARE DIRECT OOH,West Yorkshire,NORTH OF ENGLAND COMMISSIONING REGION,2026-08/Acute-Trust-Attribution-File.xls
RW4,MERSEY CARE NHS FOUNDATION TRUST,Cheshire and Merseyside,NORTH OF ENGLAND COMMISSIONING REGION,2026-08/Acute-Trust-Attribution-File.xls
RBT,MID CHESHIRE HOSPITALS NHS FOUNDATION TRUST,Cheshire and Merseyside,NORTH OF ENGLAND COMMISSIONING REGION,2026-08/Acute-Trust-Attribution-File.xls
RXF,MID YORKSHIRE HOSPITALS NHS TRUST,West Yorkshire,NORTH OF ENGLAND COMMISSIONING REGION,2026-08/Acute-Trust-Attribution-File.xls
RNL,NORTH CUMBRIA UNIVERSITY HOSPITALS NHS TRUST,"West, North and East Cumbria",NORTH OF ENGLAND COMMISSIONING REGION,2026-08/Acute-Trust-Attribution-File.xls
RVW,NORTH TEES AND HARTLEPOOL NHS FOUNDATION TRUST,"Durham, Darlington, Tees, Hambleton, Richmondshire and Whitby",NORTH OF ENGLAND COMMISSIONING REGION,2026-08/Acute-Trust-Attribution-File.xls
RJL,NORTHERN LINCOLNSHIRE AND GOOLE NHS FOUNDATION TRUST,"Humber, Coast and Vale",NORTH OF ENGLAND COMMISSIONING REGION,2026-08/Acute-Trust-Attribution-File.xls
RTF,NORTHUMBRIA HEALTHCARE NHS FOUNDATION TRUST,"Northumberland, Tyne and Wear",NORTH OF ENGLAND COMMISSIONING REGION,2026-08/Acute-Trust-Attribution-File.xls
RW6,PENNINE ACUTE HOSPITALS NHS TRUST,Greater Manchester,NORTH OF ENGLAND COMMISSIONING REGION,2026-08/Acute-Trust-Attribution-File.xls
RT2,PENNINE CARE NHS FOUNDATION TRUST,Greater Manchester,NORTH OF ENGLAND COMMISSIONING REGION,2026-08/Acute-Trust-Attribution-File.xls
RQ6,ROYAL LIVERPOOL AND BROADGREEN UNIVERSITY HOSPITALS NHS TRUST,Cheshire and Merseyside,NORTH OF ENGLAND COMMISSIONING REGION,2026-08/Acute-Trust-Attribution-File.xls
RM3,SALFORD ROYAL NHS FOUNDATION TRUST,Greater Manchester,NORTH OF ENGLAND COMMISSIONING REGION,2026-08/Acute-Trust-Attribution-File.xls
AXT02,SHAKESPEARE WALK-IN CENTRE,West Yorkshire,NORTH OF ENGLAND COMMISSIONING REGION,2026-08/Acute-Trust-Attribution-File.xls
RCU,SHEFFIELD CHILDREN'S NHS FOUNDATION TRUST,South Yorkshire and Bassetlaw,NORTH OF ENGLAND COMMISSIONING REGION,2026-08/Acute-Trust-Attribution-File.xls
RHQ,SHEFFIELD TEACHING HOSPITALS NHS FOUNDATION TRUST,South Yorkshire and Bassetlaw,NORTH OF ENGLAND COMMISSIONING REGION,2026-08/Acute-Trust-Attribution-File.xls
RTR,SOUTH TEES HOSPITALS NHS FOUNDATION TRUST,"Durham, Darlington, Tees, Hambleton, Richmondshire and Whitby",NORTH OF ENGLAND COMMISSIONING REGION,2026-08/Acute-Trust-Attribution-File.xls
RE9,SOUTH TYNESIDE NHS FOUNDATION TRUST,"Northumberland, Tyne and Wear",NORTH OF ENGLAND COMMISSIONING REGION,2026-08/Acute-Trust-Attribution-File.xls
RXG,SOUTH WEST YORKSHIRE PARTNERSHIP NHS FOUNDATION TRUST,West Yorkshire,NORTH OF ENGLAND COMMISSIONING REGION,2026-08/Acute-Trust-Attribution-File.xls
RVY,SOUTHPORT AND ORMSKIRK HOSPITAL NHS TRUST,Cheshire and Merseyside,NORTH OF ENGLAND COMMISSIONING REGION,2026-08/Acute-Trust-Attribution-File.xls
RBN,ST HELENS AND KNOWSLEY HOSPITAL SERVICES NHS TRUST,Cheshire and Merseyside,NORTH OF ENGLAND COMMISSIONING REGION,2026-08/Acute-Trust-Attribution-File.xls
RWJ,STOCKPORT NHS FOUNDATION TRUST,Greater Manchester,NORTH OF ENGLAND COMMISSIONING REGION,2026-08/Acute-Trust-Attribution-File.xls
NLO01,SUNDERLAND GP OUT OF HOURS,"Northumberland, Tyne and Wear",NORTH OF ENGLAND COMMISSIONING REGION,2026-08/Acute-Trust-Attribution-File.xls
RMP,TAMESIDE AND GLOSSOP INTEGRATED CARE NHS FOUNDATION TRUST,Greater Manchester,NORTH OF ENGLAND COMMISSIONING REGION,2026-08/Acute-Trust-Attribution-File.xls
RBV,THE CHRISTIE NHS FOUNDATION TRUST,Greater Manchester,NORTH OF ENGLAND COMMISSIONING REGION,2026-08/Acute-Trust-Attribution-File.xls
RTD,THE NEWCASTLE UPON TYNE HOSPITALS NHS FOUNDATION TRUST,"Northumberland, Tyne and Wear",NORTH OF ENGLAND COMMISSIONING REGION,2026-08/Acute-Trust-Attribution-File.xls
RFR,THE ROTHERHAM NHS FOUNDATION TRUST,South Yorkshire and Bassetlaw,NORTH OF ENGLAND COMMISSIONING REGION,2026-08/Acute-Trust-Attribution-File.xls
RET,THE WALTON CENTRE NHS FOUNDATION TRUST,Cheshire and Merseyside,NORTH OF ENGLAND COMMISSIONING REGION,2026-08/Acute-Trust-Attribution-File.xls
RM2,UNIVERSITY HOSPITAL OF SOUTH MANCHESTER NHS FOUNDATION TRUST,Greater Manchester,NORTH OF ENGLAND COMMISSIONING REGION,2026-08/Acute-Trust-Attribution-File.xls
RTX,UNIVERSITY HOSPITALS OF MORECAMBE BAY NHS FOUNDATION TRUST,Lancashire and South Cumbria,NORTH OF ENGLAND COMMISSIONING REGION,2026-08/Acute-Trust-Attribution-File.xls
RWW,WARRINGTON AND HALTON TEACHING HOSPITALS NHS FOUNDATION TRUST,Cheshire and Merseyside,NORTH OF ENGLAND COMMISSIONING REGION,2026-08/Acute-Trust-Attribution-File.xls
RY7,WIRRAL COMMUNITY NHS FOUNDATION TRUST,Cheshire and Merseyside,NORTH OF ENGLAND COMMISSIONING REGION,2026-08/Acute-Trust-Attribution-File.xls
RBL,WIRRAL UNIVERSITY TEACHING HOSPITAL NHS FOUNDATION TRUST,Cheshire and Merseyside,NORTH OF ENGLAND COMMISSIONING REGION,2026-08/Acute-Trust-Attribution-File.xls
AJN,WORKINGTON HEALTH LIMITED,"West, North and East Cumbria",NORTH OF ENGLAND COMMISSIONING REGION,2026-08/Acute-Trust-Attribution-File.xls
RRF,"WRIGHTINGTON, WIGAN AND LEIGH NHS FOUNDATION TRUST",Greater Manchester,NORTH OF ENGLAND COMMISSIONING REGION,2026-08/Acute-Trust-Attribution-File.xls
RCB,YORK TEACHING HOSPITAL NHS FOUNDATION TRUST,"Humber, Coast and Vale",NORTH OF ENGLAND COMMISSIONING REGION,2026-08/Acute-Trust-Attribution-File.xls
RTK,ASHFORD AND ST PETER'S HOSPITALS NHS FOUNDATION TRUST,Surrey Heartlands,SOUTH OF ENGLAND COMMISSIONING REGION,2026-08/Acute-Trust-Attribution-File.xls
Y02688,ASHFORD HEALTH CENTRE,Surrey Heartlands,SOUTH OF ENGLAND COMMISSIONING REGION,2026-08/Acute-Trust-Attribution-File.xls
NQT10,ASSURA READING LLP,"Buckinghamshire, Oxfordshire and Berkshire West",SOUTH OF ENGLAND COMMISSIONING REGION,2026-08/Acute-Trust-Attribution-File.xls
RWX,BERKSHIRE HEALTHCARE NHS FOUNDATION TRUST,"Buckinghamshire, Oxfordshire and Berkshire West",SOUTH OF ENGLAND COMMISSIONING REGION,2026-08/Acute-Trust-Attribution-File.xls
Y04538,BRACKNELL URGENT CARE CENTRE WIC,Frimley Health,SOUTH OF ENGLAND COMMISSIONING REGION,2026-08/Acute-Trust-Attribution-File.xls
RXH,BRIGHTON AND SUSSEX UNIVERSITY HOSPITALS NHS TRUST,Sussex & East Surrey,SOUTH OF ENGLAND COMMISSIONING REGION,2026-08/Acute-Trust-Attribution-File.xls
NLW,BRISTOL COMMUNITY HEALTH,"Bristol, North Somerset and South Gloucestershire",SOUTH OF ENGLAND COMMISSIONING REGION,2026-08/Acute-Trust-Attribution-File.xls
RXQ,BUCKINGHAMSHIRE HEALTHCARE NHS TRUST,"Buckinghamshire, Oxfordshire and Berkshire West",SOUTH OF ENGLAND COMMISSIONING REGION,2026-08/Acute-Trust-Attribution-File.xls
Y00058,CARFAX HEALTH ENTERPRISE,"Bath, Swindon and Wiltshire",SOUTH OF ENGLAND COMMISSIONING REGION,2026-08/Acute-Trust-Attribution-File.xls
NLT02,CLEVEDON HOSPITAL,"Bristol, North Somerset and South Gloucestershire",SOUTH OF ENGLAND COMMISSIONING REGION,2026-08/Acute-Trust-Attribution-File.xls
RJ8,CORNWALL PARTNERSHIP NHS FOUNDATION TRUST,Cornwall and the Isles of Scilly,SOUTH OF ENGLAND COMMISSIONING REGION,2026-08/Acute-Trust-Attribution-File.xls
RN7,DARTFORD AND GRAVESHAM NHS TRUST,Kent & Medway,SOUTH OF ENGLAND COMMISSIONING REGION,2026-08/Acute-Trust-Attribution-File.xls
RBD,DORSET COUNTY HOSPITAL NHS FOUNDATION TRUST,Dorset,SOUTH OF ENGLAND COMMISSIONING REGION,2026-08/Acute-Trust-Attribution-File.xls
RDY,DORSET HEALTHCARE UNIVERSITY NHS FOUNDATION TRUST,Dorset,SOUTH OF ENGLAND COMMISSIONING REGION,2026-08/Acute-Trust-Attribution-File.xls
G82071,DR JM RIBCHESTER & PARTNERS,Kent & Medway,SOUTH OF ENGLAND COMMISSIONING REGION,2026-08/Acute-Trust-Attribution-File.xls
RVV,EAST KENT HOSPITALS UNIVERSITY NHS FOUNDATION TRUST,Kent & Medway,SOUTH OF ENGLAND COMMISSIONING REGION,2026-08/Acute-Trust-Attribution-File.xls
AQM01,FAVERSHAM MEDICAL PRACTICE MIU,Kent & Medway,SOUTH OF ENGLAND COMMISSIONING REGION,2026-08/Acute-Trust-Attribution-File.xls
DJV01,HERNE BAY HEALTH CARE LTD,Kent & Medway,SOUTH OF ENGLAND COMMISSIONING REGION,2026-08/Acute-Trust-Attribution-File.xls
RXC,EAST SUSSEX HEALTHCARE NHS TRUST,Sussex & East Surrey,SOUTH OF ENGLAND COMMISSIONING REGION,2026-08/Acute-Trust-Attribution-File.xls
DD401,EXMOUTH MINOR INJURY UNIT,Devon,SOUTH OF ENGLAND COMMISSIONING REGION,2026-08/Acute-Trust-Attribution-File.xls
RDU,FRIMLEY HEALTH NHS FOUNDATION TRUST,Frimley Health,SOUTH OF ENGLAND COMMISSIONING REGION,2026-08/Acute-Trust-Attribution-File.xls
R1J,GLOUCESTERSHIRE CARE SERVICES NHS TRUST,Gloucestershire,SOUTH OF ENGLAND COMMISSIONING REGION,2026-08/Acute-Trust-Attribution-File.xls
RTE,GLOUCESTERSHIRE HOSPITALS NHS FOUNDATION TRUST,Gloucestershire,SOUTH OF ENGLAND COMMISSIONING REGION,2026-08/Acute-Trust-Attribution-File.xls
RN3,GREAT WESTERN HOSPITALS NHS FOUNDATION TRUST,"Bath, Swindon and Wiltshire",SOUTH OF ENGLAND COMMISSIONING REGION,2026-08/Acute-Trust-Attribution-File.xls
RN5,HAMPSHIRE HOSPITALS NHS FOUNDATION TRUST,Hampshire and the Isle of Wight,SOUTH OF ENGLAND COMMISSIONING REGION,2026-08/Acute-Trust-Attribution-File.xls
NDA57,HASLEMERE MINOR INJURIES UNIT,Surrey Heartlands,SOUTH OF ENGLAND COMMISSIONING REGION,2026-08/Acute-Trust-Attribution-File.xls
R1F,ISLE OF WIGHT NHS TRUST,Hampshire and the Isle of Wight,SOUTH OF ENGLAND COMMISSIONING REGION,2026-08/Acute-Trust-Attribution-File.xls
RYY,KENT COMMUNITY HEALTH NHS FOUNDATION TRUST,Kent & Medway,SOUTH OF ENGLAND COMMISSIONING REGION,2026-08/Acute-Trust-Attribution-File.xls
NR5,LIVEWELL SOUTHWEST,Devon,SOUTH OF ENGLAND COMMISSIONING REGION,2026-08/Acute-Trust-Attribution-File.xls
RWF,MAIDSTONE AND TUNBRIDGE WELLS NHS TRUST,Kent & Medway,SOUTH OF ENGLAND COMMISSIONING REGION,2026-08/Acute-Trust-Attribution-File.xls
RPA,MEDWAY NHS FOUNDATION TRUST,Kent & Medway,SOUTH OF ENGLAND COMMISSIONING REGION,2026-08/Acute-Trust-Attribution-File.xls
RVJ,NORTH BRISTOL NHS TRUST,"Bristol, North Somerset and South Gloucestershire",SOUTH OF ENGLAND COMMISSIONING REGION,2026-08/Acute-Trust-Attribution-File.xls
RBZ,NORTHERN DEVON HEALTHCARE NHS TRUST,Devon,SOUTH OF ENGLAND COMMISSIONING REGION,2026-08/Acute-Trust-Attribution-File.xls
L83087,OKEHAMPTON MEDICAL CENTRE,Devon,SOUTH OF ENGLAND COMMISSIONING REGION,2026-08/Acute-Trust-Attribution-File.xls
RNU,OXFORD HEALTH NHS FOUNDATION TRUST,"Buckinghamshire, Oxfordshire and Berkshire West",SOUTH OF ENGLAND COMMISSIONING REGION,2026-08/Acute-Trust-Attribution-File.xls
RTH,OXFORD UNIVERSITY HOSPITALS NHS FOUNDATION TRUST,"Buckinghamshire, Oxfordshire and Berkshire West",SOUTH OF ENGLAND COMMISSIONING REGION,2026-08/Acute-Trust-Attribution-File.xls
NLX02,PAULTON MEMORIAL HOSPITAL,"Bristol, North Somerset and South Gloucestershire",SOUTH OF ENGLAND COMMISSIONING REGION,2026-08/Acute-Trust-Attribution-File.xls
RK9,PLYMOUTH HOSPITALS NHS TRUST,Devon,SOUTH OF ENGLAND COMMISSIONING REGION,2026-08/Acute-Trust-Attribution-File.xls
RD3,POOLE HOSPITAL NHS FOUNDATION TRUST,Dorset,SOUTH OF ENGLAND COMMISSIONING REGION,2026-08/Acute-Trust-Attribution-File.xls
RHU,PORTSMOUTH HOSPITALS NHS TRUST,Hampshire and the Isle of Wight,SOUTH OF ENGLAND COMMISSIONING REGION,2026-08/Acute-Trust-Attribution-File.xls
RPC,QUEEN VICTORIA HOSPITAL NHS FOUNDATION TRUST,Sussex & East Surrey,SOUTH OF ENGLAND COMMISSIONING REGION,2026-08/Acute-Trust-Attribution-File.xls
RHW,ROYAL BERKSHIRE NHS FOUNDATION TRUST,"Buckinghamshire, Oxfordshire and Berkshire West",SOUTH OF ENGLAND COMMISSIONING REGION,2026-08/Acute-Trust-Attribution-File.xls
REF,ROYAL CORNWALL HOSPITALS NHS TRUST,Cornwall and the Isles of Scilly,SOUTH OF ENGLAND COMMISSIONING REGION,2026-08/Acute-Trust-Attribution-File.xls
RH8,ROYAL DEVON AND EXETER NHS FOUNDATION TRUST,Devon,SOUTH OF ENGLAND COMMISSIONING REGION,2026-08/Acute-Trust-Attribution-File.xls
RA2,ROYAL SURREY COUNTY HOSPITAL NHS FOUNDATION TRUST,Surrey Heartlands,SOUTH OF ENGLAND COMMISSIONING REGION,2026-08/Acute-Trust-Attribution-File.xls
G3P9C,TROWBRIDGE MINOR INJURIES UNIT,"Bath, Swindon and Wiltshire",SOUTH OF ENGLAND COMMISSIONING REGION,2026-08/Acute-Trust-Attribution-File.xls
NQT1I,CHIPPENHAM COMMUNITY HOSPITAL,"Bath, Swindon and Wiltshire",SOUTH OF ENGLAND COMMISSIONING REGION,2026-08/Acute-Trust-Attribution-File.xls
RD1,ROYAL UNITED HOSPITALS BATH NHS FOUNDATION TRUST,"Bath, Swindon and Wiltshire",SOUTH OF ENGLAND COMMISSIONING REGION,2026-08/Acute-Trust-Attribution-File.xls
RNZ,SALISBURY NHS FOUNDATION TRUST,"Bath, Swindon and Wiltshire",SOUTH OF ENGLAND COMMISSIONING REGION,2026-08/Acute-Trust-Attribution-File.xls
Y02666,SALISBURY WALK-IN HC,"Bath, Swindon and Wiltshire",SOUTH OF ENGLAND COMMISSIONING REGION,2026-08/Acute-Trust-Attribution-File.xls
RH5,SOMERSET PARTNERSHIP NHS FOUNDATION TRUST,Somerset,SOUTH OF ENGLAND COMMISSIONING REGION,2026-08/Acute-Trust-Attribution-File.xls
RYF,SOUTH WESTERN AMBULANCE SERVICE NHS FOUNDATION TRUST,Devon,SOUTH OF ENGLAND COMMISSIONING REGION,2026-08/Acute-Trust-Attribution-File.xls
NTP11,SOUTHAMPTON NHS TREATMENT CENTRE,Hampshire and the Isle of Wight,SOUTH OF ENGLAND COMMISSIONING REGION,2026-08/Acute-Trust-Attribution-File.xls
RW1,SOUTHERN HEALTH NHS FOUNDATION TRUST,Hampshire and the Isle of Wight,SOUTH OF ENGLAND COMMISSIONING REGION,2026-08/Acute-Trust-Attribution-File.xls
NTPAD,ST MARY'S NHS TREATMENT CENTRE,Hampshire and the Isle of Wight,SOUTH OF ENGLAND COMMISSIONING REGION,2026-08/Acute-Trust-Attribution-File.xls
RTP,SURREY AND SUSSEX HEALTHCARE NHS TRUST,Sussex & East Surrey,SOUTH OF ENGLAND COMMISSIONING REGION,2026-08/Acute-Trust-Attribution-File.xls
RDR,SUSSEX COMMUNITY NHS FOUNDATION TRUST,Sussex & East Surrey,SOUTH OF ENGLAND COMMISSIONING REGION,2026-08/Acute-Trust-Attribution-File.xls
RBA,TAUNTON AND SOMERSET NHS FOUNDATION TRUST,Somerset,SOUTH OF ENGLAND COMMISSIONING REGION,2026-08/Acute-Trust-Attribution-File.xls
AAH,TETBURY HOSPITAL TRUST LTD,Gloucestershire,SOUTH OF ENGLAND COMMISSIONING REGION,2026-08/Acute-Trust-Attribution-File.xls
RDZ,THE ROYAL BOURNEMOUTH AND CHRISTCHURCH HOSPITALS NHS FOUNDATION TRUST,Dorset,SOUTH OF ENGLAND COMMISSIONING REGION,2026-08/Acute-Trust-Attribution-File.xls
RA9,TORBAY AND SOUTH DEVON NHS FOUNDATION TRUST,Devon,SOUTH OF ENGLAND COMMISSIONING REGION,2026-08/Acute-Trust-Attribution-File.xls
RHM,UNIVERSITY HOSPITAL SOUTHAMPTON NHS FOUNDATION TRUST,Hampshire and the Isle of Wight,SOUTH OF ENGLAND COMMISSIONING REGION,2026-08/Acute-Trust-Attribution-File.xls
RA7,UNIVERSITY HOSPITALS BRISTOL NHS FOUNDATION TRUST,"Bristol, North Somerset and South Gloucestershire",SOUTH OF ENGLAND COMMISSIONING REGION,2026-08/Acute-Trust-Attribution-File.xls
Y02584,WALK IN CENTRE,Dorset,SOUTH OF ENGLAND COMMISSIONING REGION,2026-08/Acute-Trust-Attribution-File.xls
RYR,WESTERN SUSSEX HOSPITALS NHS FOUNDATION TRUST,Sussex & East Surrey,SOUTH OF ENGLAND COMMISSIONING REGION,2026-08/Acute-Trust-Attribution-File.xls
RA3,WESTON AREA HEALTH NHS TRUST,"Bristol, North Somerset and South Gloucestershire",SOUTH OF ENGLAND COMMISSIONING REGION,2026-08/Acute-Trust-Attribution-File.xls
NTV1M,WEYBRIDGE WALK IN CENTRE,Surrey Heartlands,SOUTH OF ENGLAND COMMISSIONING REGION,2026-08/Acute-Trust-Attribution-File.xls
NDA56,WEYBRIDGE WALK IN CENTRE,Surrey Heartlands,SOUTH OF ENGLAND COMMISSIONING REGION,2026-08/Acute-Trust-Attribution-File.xls
NDA55,WOKING WALK IN CENTRE,Surrey Heartlands,SOUTH OF ENGLAND COMMISSIONING REGION,2026-08/Acute-Trust-Attribution-File.xls
NLX24,YATE WEST GATE CENTRE,"Bristol, North Somerset and South Gloucestershire",SOUTH OF ENGLAND COMMISSIONING REGION,2026-08/Acute-Trust-Attribution-File.xls
RA4,YEOVIL DISTRICT HOSPITAL NHS FOUNDATION TRUST,Somerset,SOUTH OF ENGLAND COMMISSIONING REGION,2026-08/Acute-Trust-Attribution-File.xls
NNF70,Alfred Bean Hospital,"Humber, Coast and Vale",North Of England Commissioning Region,2026-08/Acute-Trust-Attribution-File.xls
NNF99,Hornsea Cottage Hospital,"Humber, Coast and Vale",North Of England Commissioning Region,2026-08/Acute-Trust-Attribution-File.xls
AC008,Rossendale Minor Injuries Unit,Lancashire and South Cumbria,North Of England Commissioning Region,2026-08/Acute-Trust-Attribution-File.xls
NNF18,Withernsea Hospital,"Humber, Coast and Vale",North Of England Commissioning Region,2026-08/Acute-Trust-Attribution-File.xls
NQT5H,Paulton Memorial Hospital,"Bristol, North Somerset and South Gloucestershire",South Of England Commissioning Region,2026-08/Acute-Trust-Attribution-File.xls
NTV0B,ASHFORD WALK-IN-CENTRE,Surrey Heartlands,South Of England Commissioning Region,2026-08/Acute-Trust-Attribution-File.xls
NTV0W,Woking walk in center,Surrey Heartlands,South Of England Commissioning Region,2026-08/Acute-Trust-Attribution-File.xls
Y03007,ERDINGTON GP HEALTH & WELLBEING WIC,Birmingham and Solihull,MIDLANDS AND EAST OF ENGLAND COMMISSIONING REGION,2026-08/Acute-Trust-Attribution-File.xls
Y02572,Park Community Practice,West Yorkshire,North Of England Commissioning Region,2026-08/Acute-Trust-Attribution-File.xls
NNF76,THE WILBERFORCE HEALTH CENTRE,"Humber, Coast and Vale",North Of England Commissioning Region,2026-08/Acute-Trust-Attribution-File.xls
C83023,Sleaford Medical Group,Lincolnshire,MIDLANDS AND EAST OF ENGLAND COMMISSIONING REGION,2026-08/Acute-Trust-Attribution-File.xls
R0A,MANCHESTER UNIVERSITY NHS FOUNDATION TRUST,Greater Manchester,North Of England Commissioning Region,2026-08/Acute-Trust-Attribution-File.xls
NQT5F,SKELMERSDALE WALK IN CENTRE,Lancashire and South Cumbria,North Of England Commissioning Region,2026-08/Acute-Trust-Attribution-File.xls
Y00751,EAST BERKS PRIMARY CARE OOH,Frimley Health,SOUTH OF ENGLAND COMMISSIONING REGION,2026-08/Acute-Trust-Attribution-File.xls
Y03218,THE PINN UNREGISTERED WIC,North West London,LONDON COMMISSIONING REGION,2026-08/Acute-Trust-Attribution-File.xls
E84069,BELMONT HEALTH CENTRE,North West London,LONDON COMMISSIONING REGION,2026-08/Acute-Trust-Attribution-File.xls
Y02692,BRENT GP ACCESS UNIT HARNESS-WEMBLEY,North West London,LONDON COMMISSIONING REGION,2026-08/Acute-Trust-Attribution-File.xls
Y02816,Eastbourne Station Health Centre,Sussex & East Surrey,SOUTH OF ENGLAND COMMISSIONING REGION,2026-08/Acute-Trust-Attribution-File.xls
Y03645,MORETON HEALTH MINOR INJURY,Cheshire and Merseyside,NORTH OF ENGLAND COMMISSIONING REGION,2026-08/Acute-Trust-Attribution-File.xls
Y02532,MIRIAM MINOR EMERGENCY,Cheshire and Merseyside,NORTH OF ENGLAND COMMISSIONING REGION,2026-08/Acute-Trust-Attribution-File.xls
Y02533,PARKFIELD (H) MINOR EMERGENCY,Cheshire and Merseyside,NORTH OF ENGLAND COMMISSIONING REGION,2026-08/Acute-Trust-Attribution-File.xls
Y03051,HASTINGS MED P & WALKIN,Sussex & East Surrey,SOUTH OF ENGLAND COMMISSIONING REGION,2026-08/Acute-Trust-Attribution-File.xls
Y02676,Brighton Station Walk in Centre,Sussex & East Surrey,South Of England Commissioning Region,2026-08/Acute-Trust-Attribution-File.xls
